series,state,food,unit,month,price,observed,markets
Borno | Millet,Borno,Millet,2.6 KG,2017-02-01,409.00000000000017,True,9
Borno | Millet,Borno,Millet,2.6 KG,2017-03-01,370.99999999999994,True,8
Borno | Millet,Borno,Millet,2.6 KG,2017-04-01,435.99999999999994,True,9
Borno | Millet,Borno,Millet,2.6 KG,2017-05-01,417.0,True,8
Borno | Millet,Borno,Millet,2.6 KG,2017-06-01,435.99999999999994,True,8
Borno | Millet,Borno,Millet,2.6 KG,2017-07-01,450.49999999999983,True,8
Borno | Millet,Borno,Millet,2.6 KG,2017-08-01,805.0000000000002,True,8
Borno | Millet,Borno,Millet,2.6 KG,2017-09-01,464.0,True,8
Borno | Millet,Borno,Millet,2.6 KG,2017-10-01,324.99999999999994,True,8
Borno | Millet,Borno,Millet,2.6 KG,2017-11-01,322.99999999999994,True,8
Borno | Millet,Borno,Millet,2.6 KG,2017-12-01,350.9999999999999,True,8
Borno | Millet,Borno,Millet,2.6 KG,2018-01-01,374.4999999999999,True,10
Borno | Millet,Borno,Millet,2.6 KG,2018-02-01,380.50000000000006,True,8
Borno | Millet,Borno,Millet,2.6 KG,2018-03-01,464.0,True,8
Borno | Millet,Borno,Millet,2.6 KG,2018-04-01,362.00000000000017,True,8
Borno | Millet,Borno,Millet,2.6 KG,2018-05-01,297.00000000000006,True,8
Borno | Millet,Borno,Millet,2.6 KG,2018-06-01,388.99999999999983,True,8
Borno | Millet,Borno,Millet,2.6 KG,2018-07-01,288.00000000000006,True,8
Borno | Millet,Borno,Millet,2.6 KG,2018-08-01,338.9999999999999,True,8
Borno | Millet,Borno,Millet,2.6 KG,2018-09-01,274.00000000000006,True,8
Borno | Millet,Borno,Millet,2.6 KG,2018-10-01,316.00000000000006,True,8
Borno | Millet,Borno,Millet,2.6 KG,2018-11-01,320.49999999999994,True,8
Borno | Millet,Borno,Millet,2.6 KG,2018-12-01,388.99999999999983,True,8
Borno | Millet,Borno,Millet,2.6 KG,2019-01-01,297.00000000000006,True,9
Borno | Millet,Borno,Millet,2.6 KG,2019-02-01,274.00000000000006,True,10
Borno | Millet,Borno,Millet,2.6 KG,2019-03-01,316.00000000000006,True,10
Borno | Millet,Borno,Millet,2.6 KG,2019-04-01,316.00000000000006,True,10
Borno | Millet,Borno,Millet,2.6 KG,2019-05-01,278.99999999999994,True,9
Borno | Millet,Borno,Millet,2.6 KG,2019-06-01,297.00000000000006,True,9
Borno | Millet,Borno,Millet,2.6 KG,2019-07-01,304.5,True,8
Borno | Millet,Borno,Millet,2.6 KG,2019-08-01,310.00000000000006,True,10
Borno | Millet,Borno,Millet,2.6 KG,2019-09-01,309.0000000000001,True,10
Borno | Millet,Borno,Millet,2.6 KG,2019-10-01,304.5,True,10
Borno | Millet,Borno,Millet,2.6 KG,2019-11-01,304.5,True,8
Borno | Millet,Borno,Millet,2.6 KG,2019-12-01,300.9999999999999,True,8
Borno | Millet,Borno,Millet,2.6 KG,2020-01-01,295.99999999999994,True,10
Borno | Millet,Borno,Millet,2.6 KG,2020-02-01,278.99999999999994,True,10
Borno | Millet,Borno,Millet,2.6 KG,2020-03-01,278.99999999999994,True,10
Borno | Millet,Borno,Millet,2.6 KG,2020-04-01,284.93499999999995,True,10
Borno | Millet,Borno,Millet,2.6 KG,2020-05-01,302.5000000000001,True,10
Borno | Millet,Borno,Millet,2.6 KG,2020-06-01,316.00000000000006,True,10
Borno | Millet,Borno,Millet,2.6 KG,2020-07-01,313.99999999999994,True,10
Borno | Millet,Borno,Millet,2.6 KG,2020-08-01,328.5000000000001,True,10
Borno | Millet,Borno,Millet,2.6 KG,2020-09-01,346.5,True,10
Borno | Millet,Borno,Millet,2.6 KG,2020-10-01,313.50000000000006,True,10
Borno | Millet,Borno,Millet,2.6 KG,2020-11-01,373.00000000000017,True,10
Borno | Millet,Borno,Millet,2.6 KG,2020-12-01,382.9999999999999,True,10
Borno | Millet,Borno,Millet,2.6 KG,2021-01-01,390.00000000000006,True,10
Borno | Millet,Borno,Millet,2.6 KG,2021-02-01,396.49999999999983,True,10
Borno | Millet,Borno,Millet,2.6 KG,2021-03-01,482.9999999999998,True,10
Borno | Millet,Borno,Millet,2.6 KG,2021-04-01,485.8149999999998,True,10
Borno | Millet,Borno,Millet,2.6 KG,2021-05-01,500.4999999999999,True,10
Borno | Millet,Borno,Millet,2.6 KG,2021-06-01,527.5000000000001,True,8
Borno | Millet,Borno,Millet,2.6 KG,2021-07-01,549.9999999999998,True,8
Borno | Millet,Borno,Millet,2.6 KG,2021-08-01,580.9999999999998,True,8
Borno | Millet,Borno,Millet,2.6 KG,2021-09-01,609.4999999999998,True,8
Borno | Millet,Borno,Millet,2.6 KG,2021-10-01,649.9999999999999,True,8
Borno | Millet,Borno,Millet,2.6 KG,2021-11-01,649.9999999999999,True,8
Borno | Millet,Borno,Millet,2.6 KG,2021-12-01,649.9999999999999,True,8
Borno | Millet,Borno,Millet,2.6 KG,2022-01-01,743.0,True,8
Borno | Millet,Borno,Millet,2.6 KG,2022-02-01,731.9999999999998,True,8
Borno | Millet,Borno,Millet,2.6 KG,2022-03-01,719.4999999999999,True,8
Borno | Millet,Borno,Millet,2.6 KG,2022-04-01,676.1149999999999,True,8
Borno | Millet,Borno,Millet,2.6 KG,2022-05-01,627.0000000000001,True,8
Borno | Millet,Borno,Millet,2.6 KG,2022-06-01,538.365,True,2
Borno | Millet,Borno,Millet,2.6 KG,2022-07-01,543.6449999999999,True,2
Borno | Millet,Borno,Millet,2.6 KG,2022-08-01,567.2899999999997,True,2
Borno | Millet,Borno,Millet,2.6 KG,2022-09-01,554.1,True,2
Borno | Millet,Borno,Millet,2.6 KG,2022-10-01,547.335,True,2
Borno | Millet,Borno,Millet,2.6 KG,2022-11-01,556.9499999999999,True,2
Borno | Millet,Borno,Millet,2.6 KG,2022-12-01,582.965,True,2
Borno | Millet,Borno,Millet,2.6 KG,2023-01-01,589.5000000000001,True,2
Borno | Millet,Borno,Millet,2.6 KG,2023-02-01,748.5000000000002,True,6
Borno | Millet,Borno,Millet,2.6 KG,2023-03-01,725.0,True,6
Borno | Millet,Borno,Millet,2.6 KG,2023-04-01,796.5000000000002,True,6
Borno | Millet,Borno,Millet,2.6 KG,2023-05-01,832.0000000000001,True,6
Borno | Millet,Borno,Millet,2.6 KG,2023-06-01,886.4999999999997,True,17
Borno | Millet,Borno,Millet,2.6 KG,2023-07-01,976.7300000000001,True,18
Borno | Millet,Borno,Millet,2.6 KG,2023-08-01,1261.2899999999997,True,17
Borno | Millet,Borno,Millet,2.6 KG,2023-09-01,1317.7000000000003,True,17
Borno | Millet,Borno,Millet,2.6 KG,2023-10-01,1144.1600000000003,True,19
Borno | Millet,Borno,Millet,2.6 KG,2023-11-01,1200.0,True,19
Borno | Millet,Borno,Millet,2.6 KG,2023-12-01,1200.0,True,3
Borno | Millet,Borno,Millet,2.6 KG,2024-01-01,1462.5000000000005,True,14
Borno | Millet,Borno,Millet,2.6 KG,2024-02-01,1498.4349999999995,True,10
Borno | Millet,Borno,Millet,2.6 KG,2024-03-01,1849.9999999999995,True,9
Borno | Millet,Borno,Millet,2.6 KG,2024-04-01,1500.0,True,1
Borno | Millet,Borno,Millet,2.6 KG,2024-05-01,1999.9999999999998,True,9
Borno | Millet,Borno,Millet,2.6 KG,2024-06-01,2226.0899999999997,True,9
Borno | Millet,Borno,Millet,2.6 KG,2024-07-01,2359.072911124198,False,0
Borno | Millet,Borno,Millet,2.6 KG,2024-08-01,2499.9999999999995,True,5
Borno | Millet,Borno,Millet,2.6 KG,2024-09-01,2346.67,True,19
Borno | Millet,Borno,Millet,2.6 KG,2024-10-01,2033.3300000000006,True,21
Borno | Millet,Borno,Millet,2.6 KG,2024-11-01,2100.0,True,16
Borno | Millet,Borno,Millet,2.6 KG,2024-12-01,2066.999999999999,True,17
Borno | Millet,Borno,Millet,2.6 KG,2025-01-01,2026.315,True,20
Borno | Millet,Borno,Millet,2.6 KG,2025-02-01,1791.0699999999993,True,15
Borno | Millet,Borno,Millet,2.6 KG,2025-03-01,1525.0000000000005,True,11
Borno | Millet,Borno,Millet,2.6 KG,2025-04-01,1450.0,True,15
Borno | Millet,Borno,Millet,2.6 KG,2025-05-01,1486.11,True,20
Borno | Millet,Borno,Millet,2.6 KG,2025-06-01,1406.6700000000005,True,15
Borno | Millet,Borno,Millet,2.6 KG,2025-07-01,1300.0,True,9
Borno | Millet,Borno,Millet,2.6 KG,2025-08-01,1254.1650000000004,True,14
Borno | Millet,Borno,Millet,2.6 KG,2025-09-01,1200.0,True,20
Borno | Millet,Borno,Millet,2.6 KG,2025-10-01,999.9999999999998,True,21
Borno | Millet,Borno,Millet,2.6 KG,2025-11-01,1017.9150000000003,True,22
Borno | Millet,Borno,Millet,2.6 KG,2025-12-01,976.2100000000004,True,22
Borno | Millet,Borno,Millet,2.6 KG,2026-01-01,947.5799999999997,True,21
Borno | Millet,Borno,Millet,2.6 KG,2026-02-01,1095.5349999999999,True,16
Borno | Millet,Borno,Millet,2.6 KG,2026-03-01,1075.9499999999998,True,16
Borno | Millet,Borno,Millet,2.6 KG,2026-04-01,1200.0,True,7
Borno | Millet,Borno,Millet,2.6 KG,2026-05-01,1187.5000000000002,True,11
Borno | Millet,Borno,Millet,2.6 KG,2026-06-01,1238.3299999999995,True,13
Borno | Millet,Borno,Millet,2.6 KG,2026-07-01,1218.28,True,12
Borno | Millet,Borno,Millet,2.6 KG,2026-08-01,1224.785,True,16
Borno | Millet,Borno,Millet,2.6 KG,2026-09-01,1050.0,True,4
Borno | Oil (palm),Borno,Oil (palm),L,2017-02-01,777.9999999999998,True,9
Borno | Oil (palm),Borno,Oil (palm),L,2017-03-01,699.9999999999998,True,9
Borno | Oil (palm),Borno,Oil (palm),L,2017-04-01,666.9999999999998,True,10
Borno | Oil (palm),Borno,Oil (palm),L,2017-05-01,619.0000000000001,True,10
Borno | Oil (palm),Borno,Oil (palm),L,2017-06-01,542.9999999999999,True,10
Borno | Oil (palm),Borno,Oil (palm),L,2017-07-01,540.0000000000002,True,9
Borno | Oil (palm),Borno,Oil (palm),L,2017-08-01,765.5000000000001,True,10
Borno | Oil (palm),Borno,Oil (palm),L,2017-09-01,532.9999999999999,True,9
Borno | Oil (palm),Borno,Oil (palm),L,2017-10-01,620.0000000000002,True,9
Borno | Oil (palm),Borno,Oil (palm),L,2017-11-01,547.0,True,9
Borno | Oil (palm),Borno,Oil (palm),L,2017-12-01,532.9999999999999,True,9
Borno | Oil (palm),Borno,Oil (palm),L,2018-01-01,520.0,True,10
Borno | Oil (palm),Borno,Oil (palm),L,2018-02-01,499.99999999999983,True,9
Borno | Oil (palm),Borno,Oil (palm),L,2018-03-01,532.9999999999999,True,9
Borno | Oil (palm),Borno,Oil (palm),L,2018-04-01,520.0,True,9
Borno | Oil (palm),Borno,Oil (palm),L,2018-05-01,532.9999999999999,True,9
Borno | Oil (palm),Borno,Oil (palm),L,2018-06-01,542.5000000000001,True,8
Borno | Oil (palm),Borno,Oil (palm),L,2018-07-01,532.9999999999999,True,10
Borno | Oil (palm),Borno,Oil (palm),L,2018-08-01,532.9999999999999,True,10
Borno | Oil (palm),Borno,Oil (palm),L,2018-09-01,532.9999999999999,True,10
Borno | Oil (palm),Borno,Oil (palm),L,2018-10-01,523.5,True,10
Borno | Oil (palm),Borno,Oil (palm),L,2018-11-01,532.9999999999999,True,10
Borno | Oil (palm),Borno,Oil (palm),L,2018-12-01,553.5000000000001,True,10
Borno | Oil (palm),Borno,Oil (palm),L,2019-01-01,532.9999999999999,True,9
Borno | Oil (palm),Borno,Oil (palm),L,2019-02-01,532.9999999999999,True,10
Borno | Oil (palm),Borno,Oil (palm),L,2019-03-01,532.9999999999999,True,10
Borno | Oil (palm),Borno,Oil (palm),L,2019-04-01,532.9999999999999,True,10
Borno | Oil (palm),Borno,Oil (palm),L,2019-05-01,532.9999999999999,True,9
Borno | Oil (palm),Borno,Oil (palm),L,2019-06-01,532.9999999999999,True,9
Borno | Oil (palm),Borno,Oil (palm),L,2019-07-01,532.9999999999999,True,9
Borno | Oil (palm),Borno,Oil (palm),L,2019-08-01,529.8149999999998,True,10
Borno | Oil (palm),Borno,Oil (palm),L,2019-09-01,527.1650000000001,True,10
Borno | Oil (palm),Borno,Oil (palm),L,2019-10-01,543.5650000000003,True,10
Borno | Oil (palm),Borno,Oil (palm),L,2019-11-01,544.3299999999999,True,10
Borno | Oil (palm),Borno,Oil (palm),L,2019-12-01,537.6649999999998,True,10
Borno | Oil (palm),Borno,Oil (palm),L,2020-01-01,551.5000000000001,True,10
Borno | Oil (palm),Borno,Oil (palm),L,2020-02-01,666.9999999999998,True,10
Borno | Oil (palm),Borno,Oil (palm),L,2020-03-01,644.4999999999998,True,10
Borno | Oil (palm),Borno,Oil (palm),L,2020-04-01,653.4999999999998,True,10
Borno | Oil (palm),Borno,Oil (palm),L,2020-05-01,671.5,True,10
Borno | Oil (palm),Borno,Oil (palm),L,2020-06-01,683.0,True,10
Borno | Oil (palm),Borno,Oil (palm),L,2020-07-01,676.4999999999998,True,10
Borno | Oil (palm),Borno,Oil (palm),L,2020-08-01,680.4999999999999,True,10
Borno | Oil (palm),Borno,Oil (palm),L,2020-09-01,687.5000000000003,True,10
Borno | Oil (palm),Borno,Oil (palm),L,2020-10-01,594.0000000000001,True,10
Borno | Oil (palm),Borno,Oil (palm),L,2020-11-01,697.4999999999999,True,10
Borno | Oil (palm),Borno,Oil (palm),L,2020-12-01,726.5000000000003,True,8
Borno | Oil (palm),Borno,Oil (palm),L,2021-01-01,738.1649999999998,True,10
Borno | Oil (palm),Borno,Oil (palm),L,2021-02-01,792.4999999999998,True,10
Borno | Oil (palm),Borno,Oil (palm),L,2021-03-01,799.9999999999999,True,10
Borno | Oil (palm),Borno,Oil (palm),L,2021-04-01,799.9999999999999,True,10
Borno | Oil (palm),Borno,Oil (palm),L,2021-05-01,825.9999999999997,True,10
Borno | Oil (palm),Borno,Oil (palm),L,2021-06-01,816.5,True,8
Borno | Oil (palm),Borno,Oil (palm),L,2021-07-01,857.2299999999999,True,8
Borno | Oil (palm),Borno,Oil (palm),L,2021-08-01,933.0000000000001,True,8
Borno | Oil (palm),Borno,Oil (palm),L,2021-09-01,933.1650000000004,True,8
Borno | Oil (palm),Borno,Oil (palm),L,2021-10-01,940.6900000000004,True,8
Borno | Oil (palm),Borno,Oil (palm),L,2021-11-01,991.4999999999998,True,8
Borno | Oil (palm),Borno,Oil (palm),L,2021-12-01,998.1650000000001,True,8
Borno | Oil (palm),Borno,Oil (palm),L,2022-01-01,1015.1650000000002,True,8
Borno | Oil (palm),Borno,Oil (palm),L,2022-02-01,990.1649999999997,True,8
Borno | Oil (palm),Borno,Oil (palm),L,2022-03-01,999.9999999999998,True,8
Borno | Oil (palm),Borno,Oil (palm),L,2022-04-01,838.9999999999998,True,8
Borno | Oil (palm),Borno,Oil (palm),L,2022-05-01,1333.0000000000007,True,8
Borno | Oil (palm),Borno,Oil (palm),L,2022-06-01,967.2850000000004,True,2
Borno | Oil (palm),Borno,Oil (palm),L,2022-07-01,1023.8299999999997,True,2
Borno | Oil (palm),Borno,Oil (palm),L,2022-08-01,1186.6099999999997,True,2
Borno | Oil (palm),Borno,Oil (palm),L,2022-09-01,1182.44,True,2
Borno | Oil (palm),Borno,Oil (palm),L,2022-10-01,1254.6250000000002,True,2
Borno | Oil (palm),Borno,Oil (palm),L,2022-11-01,1285.0199999999998,True,2
Borno | Oil (palm),Borno,Oil (palm),L,2022-12-01,1307.135,True,2
Borno | Oil (palm),Borno,Oil (palm),L,2023-01-01,1323.9950000000006,True,2
Borno | Oil (palm),Borno,Oil (palm),L,2023-02-01,1300.0,True,6
Borno | Oil (palm),Borno,Oil (palm),L,2023-03-01,1300.0,True,6
Borno | Oil (palm),Borno,Oil (palm),L,2023-04-01,1300.0,True,6
Borno | Oil (palm),Borno,Oil (palm),L,2023-05-01,1303.5000000000005,True,6
Borno | Oil (palm),Borno,Oil (palm),L,2023-06-01,1300.0,True,18
Borno | Oil (palm),Borno,Oil (palm),L,2023-07-01,1300.0,True,19
Borno | Oil (palm),Borno,Oil (palm),L,2023-08-01,1375.69,True,18
Borno | Oil (palm),Borno,Oil (palm),L,2023-09-01,1300.0,True,18
Borno | Oil (palm),Borno,Oil (palm),L,2023-10-01,1384.38,True,19
Borno | Oil (palm),Borno,Oil (palm),L,2023-11-01,1500.0,True,19
Borno | Oil (palm),Borno,Oil (palm),L,2023-12-01,1599.9999999999998,True,3
Borno | Oil (palm),Borno,Oil (palm),L,2024-01-01,1633.3300000000002,True,15
Borno | Oil (palm),Borno,Oil (palm),L,2024-02-01,1518.0550000000005,True,10
Borno | Oil (palm),Borno,Oil (palm),L,2024-03-01,1599.9999999999998,True,9
Borno | Oil (palm),Borno,Oil (palm),L,2024-04-01,1437.2200000000005,True,1
Borno | Oil (palm),Borno,Oil (palm),L,2024-05-01,1657.8899999999999,True,9
Borno | Oil (palm),Borno,Oil (palm),L,2024-06-01,1760.5799999999995,True,10
Borno | Oil (palm),Borno,Oil (palm),L,2024-07-01,1730.0248553127778,False,0
Borno | Oil (palm),Borno,Oil (palm),L,2024-08-01,1699.9999999999993,True,5
Borno | Oil (palm),Borno,Oil (palm),L,2024-09-01,1739.91,True,19
Borno | Oil (palm),Borno,Oil (palm),L,2024-10-01,1671.8800000000003,True,21
Borno | Oil (palm),Borno,Oil (palm),L,2024-11-01,1875.0,True,15
Borno | Oil (palm),Borno,Oil (palm),L,2024-12-01,2437.5000000000005,True,19
Borno | Oil (palm),Borno,Oil (palm),L,2025-01-01,2499.9999999999995,True,21
Borno | Oil (palm),Borno,Oil (palm),L,2025-02-01,2589.0649999999996,True,16
Borno | Oil (palm),Borno,Oil (palm),L,2025-03-01,2379.03,True,11
Borno | Oil (palm),Borno,Oil (palm),L,2025-04-01,2328.1250000000005,True,16
Borno | Oil (palm),Borno,Oil (palm),L,2025-05-01,2499.9999999999995,True,21
Borno | Oil (palm),Borno,Oil (palm),L,2025-06-01,2499.9999999999995,True,16
Borno | Oil (palm),Borno,Oil (palm),L,2025-07-01,2506.9999999999995,True,10
Borno | Oil (palm),Borno,Oil (palm),L,2025-08-01,2580.65,True,15
Borno | Oil (palm),Borno,Oil (palm),L,2025-09-01,2515.619999999999,True,21
Borno | Oil (palm),Borno,Oil (palm),L,2025-10-01,2678.6850000000004,True,22
Borno | Oil (palm),Borno,Oil (palm),L,2025-11-01,2590.2800000000007,True,22
Borno | Oil (palm),Borno,Oil (palm),L,2025-12-01,3351.28,True,22
Borno | Oil (palm),Borno,Oil (palm),L,2026-01-01,2499.9999999999995,True,21
Borno | Oil (palm),Borno,Oil (palm),L,2026-02-01,2499.9999999999995,True,16
Borno | Oil (palm),Borno,Oil (palm),L,2026-03-01,2562.499999999999,True,16
Borno | Oil (palm),Borno,Oil (palm),L,2026-04-01,2656.250000000001,True,7
Borno | Oil (palm),Borno,Oil (palm),L,2026-05-01,2499.9999999999995,True,12
Borno | Oil (palm),Borno,Oil (palm),L,2026-06-01,2687.4999999999995,True,13
Borno | Oil (palm),Borno,Oil (palm),L,2026-07-01,2919.355,True,12
Borno | Oil (palm),Borno,Oil (palm),L,2026-08-01,2975.8349999999996,True,16
Borno | Oil (palm),Borno,Oil (palm),L,2026-09-01,2849.9999999999986,True,4
Borno | Rice (imported),Borno,Rice (imported),2.8 KG,2017-02-01,1249.9999999999995,True,9
Borno | Rice (imported),Borno,Rice (imported),2.8 KG,2017-03-01,1220.0000000000005,True,9
Borno | Rice (imported),Borno,Rice (imported),2.8 KG,2017-04-01,1249.9999999999995,True,9
Borno | Rice (imported),Borno,Rice (imported),2.8 KG,2017-05-01,1211.9999999999998,True,9
Borno | Rice (imported),Borno,Rice (imported),2.8 KG,2017-06-01,1200.0,True,9
Borno | Rice (imported),Borno,Rice (imported),2.8 KG,2017-07-01,1175.0000000000002,True,8
Borno | Rice (imported),Borno,Rice (imported),2.8 KG,2017-08-01,2300.000000000001,True,9
Borno | Rice (imported),Borno,Rice (imported),2.8 KG,2017-09-01,1125.0000000000002,True,8
Borno | Rice (imported),Borno,Rice (imported),2.8 KG,2017-10-01,1140.0000000000005,True,8
Borno | Rice (imported),Borno,Rice (imported),2.8 KG,2017-11-01,1099.9999999999995,True,8
Borno | Rice (imported),Borno,Rice (imported),2.8 KG,2017-12-01,1099.9999999999995,True,8
Borno | Rice (imported),Borno,Rice (imported),2.8 KG,2018-01-01,1099.9999999999995,True,10
Borno | Rice (imported),Borno,Rice (imported),2.8 KG,2018-02-01,1150.0000000000005,True,8
Borno | Rice (imported),Borno,Rice (imported),2.8 KG,2018-03-01,1200.0,True,8
Borno | Rice (imported),Borno,Rice (imported),2.8 KG,2018-04-01,1099.9999999999995,True,8
Borno | Rice (imported),Borno,Rice (imported),2.8 KG,2018-05-01,1099.9999999999995,True,8
Borno | Rice (imported),Borno,Rice (imported),2.8 KG,2018-06-01,1206.0000000000005,True,8
Borno | Rice (imported),Borno,Rice (imported),2.8 KG,2018-07-01,1175.0000000000002,True,8
Borno | Rice (imported),Borno,Rice (imported),2.8 KG,2018-08-01,1200.0,True,8
Borno | Rice (imported),Borno,Rice (imported),2.8 KG,2018-09-01,1200.0,True,8
Borno | Rice (imported),Borno,Rice (imported),2.8 KG,2018-10-01,1200.0,True,8
Borno | Rice (imported),Borno,Rice (imported),2.8 KG,2018-11-01,1200.0,True,8
Borno | Rice (imported),Borno,Rice (imported),2.8 KG,2018-12-01,1357.0000000000002,True,8
Borno | Rice (imported),Borno,Rice (imported),2.8 KG,2019-01-01,1200.0,True,9
Borno | Rice (imported),Borno,Rice (imported),2.8 KG,2019-02-01,1200.0,True,10
Borno | Rice (imported),Borno,Rice (imported),2.8 KG,2019-03-01,1200.0,True,10
Borno | Rice (imported),Borno,Rice (imported),2.8 KG,2019-04-01,1200.0,True,10
Borno | Rice (imported),Borno,Rice (imported),2.8 KG,2019-05-01,1200.0,True,9
Borno | Rice (imported),Borno,Rice (imported),2.8 KG,2019-06-01,1200.0,True,9
Borno | Rice (imported),Borno,Rice (imported),2.8 KG,2019-07-01,1200.0,True,8
Borno | Rice (imported),Borno,Rice (imported),2.8 KG,2019-08-01,1163.0,True,10
Borno | Rice (imported),Borno,Rice (imported),2.8 KG,2019-09-01,1170.0000000000005,True,10
Borno | Rice (imported),Borno,Rice (imported),2.8 KG,2019-10-01,1249.9999999999995,True,10
Borno | Rice (imported),Borno,Rice (imported),2.8 KG,2019-11-01,1260.0000000000002,True,8
Borno | Rice (imported),Borno,Rice (imported),2.8 KG,2019-12-01,1309.9999999999998,True,8
Borno | Rice (imported),Borno,Rice (imported),2.8 KG,2020-01-01,1329.0000000000005,True,10
Borno | Rice (imported),Borno,Rice (imported),2.8 KG,2020-02-01,1487.5000000000007,True,10
Borno | Rice (imported),Borno,Rice (imported),2.8 KG,2020-03-01,1510.0000000000002,True,10
Borno | Rice (imported),Borno,Rice (imported),2.8 KG,2020-04-01,1554.9999999999998,True,10
Borno | Rice (imported),Borno,Rice (imported),2.8 KG,2020-05-01,1592.0000000000002,True,10
Borno | Rice (imported),Borno,Rice (imported),2.8 KG,2020-06-01,1699.9999999999993,True,10
Borno | Rice (imported),Borno,Rice (imported),2.8 KG,2020-07-01,1638.0000000000007,True,10
Borno | Rice (imported),Borno,Rice (imported),2.8 KG,2020-08-01,1651.9999999999995,True,10
Borno | Rice (imported),Borno,Rice (imported),2.8 KG,2020-09-01,1678.9999999999998,True,10
Borno | Rice (imported),Borno,Rice (imported),2.8 KG,2020-10-01,1254.0000000000005,True,10
Borno | Rice (imported),Borno,Rice (imported),2.8 KG,2020-11-01,1718.9999999999995,True,10
Borno | Rice (imported),Borno,Rice (imported),2.8 KG,2020-12-01,1733.9999999999995,True,10
Borno | Rice (imported),Borno,Rice (imported),2.8 KG,2021-01-01,1761.9999999999993,True,10
Borno | Rice (imported),Borno,Rice (imported),2.8 KG,2021-02-01,1780.0000000000002,True,10
Borno | Rice (imported),Borno,Rice (imported),2.8 KG,2021-03-01,1914.5850000000005,True,10
Borno | Rice (imported),Borno,Rice (imported),2.8 KG,2021-04-01,1866.9999999999995,True,10
Borno | Rice (imported),Borno,Rice (imported),2.8 KG,2021-05-01,1869.0000000000005,True,10
Borno | Rice (imported),Borno,Rice (imported),2.8 KG,2021-06-01,1834.9999999999993,True,8
Borno | Rice (imported),Borno,Rice (imported),2.8 KG,2021-07-01,1800.0000000000005,True,8
Borno | Rice (imported),Borno,Rice (imported),2.8 KG,2021-08-01,1887.9999999999995,True,8
Borno | Rice (imported),Borno,Rice (imported),2.8 KG,2021-09-01,1825.0000000000002,True,8
Borno | Rice (imported),Borno,Rice (imported),2.8 KG,2021-10-01,1950.0000000000005,True,8
Borno | Rice (imported),Borno,Rice (imported),2.8 KG,2021-11-01,1975.0000000000005,True,8
Borno | Rice (imported),Borno,Rice (imported),2.8 KG,2021-12-01,1924.9999999999993,True,8
Borno | Rice (imported),Borno,Rice (imported),2.8 KG,2022-01-01,1988.0000000000007,True,8
Borno | Rice (imported),Borno,Rice (imported),2.8 KG,2022-02-01,1999.9999999999998,True,8
Borno | Rice (imported),Borno,Rice (imported),2.8 KG,2022-03-01,1975.0000000000005,True,8
Borno | Rice (imported),Borno,Rice (imported),2.8 KG,2022-04-01,1999.9999999999998,True,8
Borno | Rice (imported),Borno,Rice (imported),2.8 KG,2022-05-01,1999.9999999999998,True,8
Borno | Rice (imported),Borno,Rice (imported),2.8 KG,2022-06-01,1429.665,True,2
Borno | Rice (imported),Borno,Rice (imported),2.8 KG,2022-07-01,1543.8250000000007,True,2
Borno | Rice (imported),Borno,Rice (imported),2.8 KG,2022-08-01,1603.5649999999998,True,2
Borno | Rice (imported),Borno,Rice (imported),2.8 KG,2022-09-01,1776.9349999999997,True,2
Borno | Rice (imported),Borno,Rice (imported),2.8 KG,2022-10-01,2055.2549999999997,True,2
Borno | Rice (imported),Borno,Rice (imported),2.8 KG,2022-11-01,1963.0850000000007,True,2
Borno | Rice (imported),Borno,Rice (imported),2.8 KG,2022-12-01,2092.5299999999993,True,2
Borno | Rice (imported),Borno,Rice (imported),2.8 KG,2023-01-01,2178.0,True,2
Borno | Rice (imported),Borno,Rice (imported),2.8 KG,2023-02-01,3359.9999999999973,True,3
Borno | Rice (imported),Borno,Rice (imported),2.8 KG,2023-03-01,3449.999999999999,True,3
Borno | Rice (imported),Borno,Rice (imported),2.8 KG,2023-04-01,3583.999999999997,True,3
Borno | Rice (imported),Borno,Rice (imported),2.8 KG,2023-05-01,3457.9999999999986,True,3
Borno | Rice (imported),Borno,Rice (imported),2.8 KG,2023-06-01,2600.0,True,13
Borno | Rice (imported),Borno,Rice (imported),2.8 KG,2023-07-01,2516.1300000000006,True,15
Borno | Rice (imported),Borno,Rice (imported),2.8 KG,2023-08-01,2600.0,True,13
Borno | Rice (imported),Borno,Rice (imported),2.8 KG,2023-09-01,2736.954999999999,True,12
Borno | Rice (imported),Borno,Rice (imported),2.8 KG,2023-10-01,3044.350000000001,True,15
Borno | Rice (imported),Borno,Rice (imported),2.8 KG,2023-11-01,2999.9999999999977,True,13
Borno | Rice (imported),Borno,Rice (imported),2.8 KG,2023-12-01,3099.9999999999986,True,2
Borno | Rice (imported),Borno,Rice (imported),2.8 KG,2024-01-01,4083.3300000000017,True,15
Borno | Rice (imported),Borno,Rice (imported),2.8 KG,2024-02-01,4314.3449999999975,True,8
Borno | Rice (imported),Borno,Rice (imported),2.8 KG,2024-03-01,4602.500000000002,True,8
Borno | Rice (imported),Borno,Rice (imported),2.8 KG,2024-04-01,4222.219999999997,True,1
Borno | Rice (imported),Borno,Rice (imported),2.8 KG,2024-05-01,4459.999999999998,True,9
Borno | Rice (imported),Borno,Rice (imported),2.8 KG,2024-06-01,4517.3899999999985,True,10
Borno | Rice (imported),Borno,Rice (imported),2.8 KG,2024-07-01,5206.182862712375,False,0
Borno | Rice (imported),Borno,Rice (imported),2.8 KG,2024-08-01,5999.999999999995,True,5
Borno | Rice (imported),Borno,Rice (imported),2.8 KG,2024-09-01,6215.629999999995,True,17
Borno | Rice (imported),Borno,Rice (imported),2.8 KG,2024-10-01,6383.335,True,20
Borno | Rice (imported),Borno,Rice (imported),2.8 KG,2024-11-01,6499.999999999995,True,15
Borno | Rice (imported),Borno,Rice (imported),2.8 KG,2024-12-01,6499.999999999995,True,15
Borno | Rice (imported),Borno,Rice (imported),2.8 KG,2025-01-01,6499.999999999995,True,19
Borno | Rice (imported),Borno,Rice (imported),2.8 KG,2025-02-01,6891.965000000001,True,12
Borno | Rice (imported),Borno,Rice (imported),2.8 KG,2025-03-01,6033.334999999998,True,10
Borno | Rice (imported),Borno,Rice (imported),2.8 KG,2025-04-01,5999.999999999995,True,15
Borno | Rice (imported),Borno,Rice (imported),2.8 KG,2025-05-01,5999.999999999995,True,19
Borno | Rice (imported),Borno,Rice (imported),2.8 KG,2025-06-01,5683.335000000005,True,14
Borno | Rice (imported),Borno,Rice (imported),2.8 KG,2025-07-01,5326.389999999997,True,8
Borno | Rice (imported),Borno,Rice (imported),2.8 KG,2025-08-01,5387.094999999998,True,12
Borno | Rice (imported),Borno,Rice (imported),2.8 KG,2025-09-01,5499.999999999999,True,15
Borno | Rice (imported),Borno,Rice (imported),2.8 KG,2025-10-01,5001.52,True,16
Borno | Rice (imported),Borno,Rice (imported),2.8 KG,2025-11-01,4383.329999999998,True,15
Borno | Rice (imported),Borno,Rice (imported),2.8 KG,2025-12-01,4500.000000000001,True,16
Borno | Rice (imported),Borno,Rice (imported),2.8 KG,2026-01-01,3999.9999999999995,True,15
Borno | Rice (imported),Borno,Rice (imported),2.8 KG,2026-02-01,5481.480000000002,True,9
Borno | Rice (imported),Borno,Rice (imported),2.8 KG,2026-03-01,5439.659999999997,True,11
Borno | Rice (imported),Borno,Rice (imported),2.8 KG,2026-04-01,6153.570000000002,True,4
Borno | Rice (imported),Borno,Rice (imported),2.8 KG,2026-05-01,3750.0,True,9
Borno | Rice (imported),Borno,Rice (imported),2.8 KG,2026-06-01,4111.109999999999,True,10
Borno | Rice (imported),Borno,Rice (imported),2.8 KG,2026-07-01,3999.9999999999995,True,9
Borno | Rice (imported),Borno,Rice (imported),2.8 KG,2026-08-01,4013.8899999999994,True,13
Borno | Rice (imported),Borno,Rice (imported),2.8 KG,2026-09-01,3999.9999999999995,True,3
Borno | Rice (local),Borno,Rice (local),2.7 KG,2017-02-01,838.9999999999998,True,9
Borno | Rice (local),Borno,Rice (local),2.7 KG,2017-03-01,853.5000000000001,True,8
Borno | Rice (local),Borno,Rice (local),2.7 KG,2017-04-01,868.0000000000003,True,9
Borno | Rice (local),Borno,Rice (local),2.7 KG,2017-05-01,847.0000000000003,True,8
Borno | Rice (local),Borno,Rice (local),2.7 KG,2017-06-01,868.0000000000003,True,9
Borno | Rice (local),Borno,Rice (local),2.7 KG,2017-07-01,838.9999999999998,True,8
Borno | Rice (local),Borno,Rice (local),2.7 KG,2017-08-01,1736.0000000000007,True,9
Borno | Rice (local),Borno,Rice (local),2.7 KG,2017-09-01,846.5000000000001,True,8
Borno | Rice (local),Borno,Rice (local),2.7 KG,2017-10-01,732.9999999999999,True,8
Borno | Rice (local),Borno,Rice (local),2.7 KG,2017-11-01,687.5000000000003,True,8
Borno | Rice (local),Borno,Rice (local),2.7 KG,2017-12-01,675.0000000000002,True,8
Borno | Rice (local),Borno,Rice (local),2.7 KG,2018-01-01,698.9999999999999,True,10
Borno | Rice (local),Borno,Rice (local),2.7 KG,2018-02-01,723.0000000000001,True,8
Borno | Rice (local),Borno,Rice (local),2.7 KG,2018-03-01,770.9999999999998,True,8
Borno | Rice (local),Borno,Rice (local),2.7 KG,2018-04-01,743.0,True,8
Borno | Rice (local),Borno,Rice (local),2.7 KG,2018-05-01,819.9999999999997,True,8
Borno | Rice (local),Borno,Rice (local),2.7 KG,2018-06-01,798.5,True,8
Borno | Rice (local),Borno,Rice (local),2.7 KG,2018-07-01,675.0000000000002,True,8
Borno | Rice (local),Borno,Rice (local),2.7 KG,2018-08-01,723.0000000000001,True,8
Borno | Rice (local),Borno,Rice (local),2.7 KG,2018-09-01,819.9999999999997,True,8
Borno | Rice (local),Borno,Rice (local),2.7 KG,2018-10-01,868.0000000000003,True,8
Borno | Rice (local),Borno,Rice (local),2.7 KG,2018-11-01,892.0000000000002,True,8
Borno | Rice (local),Borno,Rice (local),2.7 KG,2018-12-01,880.4999999999997,True,8
Borno | Rice (local),Borno,Rice (local),2.7 KG,2019-01-01,819.9999999999997,True,9
Borno | Rice (local),Borno,Rice (local),2.7 KG,2019-02-01,680.4999999999999,True,10
Borno | Rice (local),Borno,Rice (local),2.7 KG,2019-03-01,709.4999999999999,True,10
Borno | Rice (local),Borno,Rice (local),2.7 KG,2019-04-01,738.0,True,10
Borno | Rice (local),Borno,Rice (local),2.7 KG,2019-05-01,723.0000000000001,True,9
Borno | Rice (local),Borno,Rice (local),2.7 KG,2019-06-01,713.9999999999998,True,9
Borno | Rice (local),Borno,Rice (local),2.7 KG,2019-07-01,694.9999999999999,True,8
Borno | Rice (local),Borno,Rice (local),2.7 KG,2019-08-01,701.0,True,10
Borno | Rice (local),Borno,Rice (local),2.7 KG,2019-09-01,703.9999999999999,True,10
Borno | Rice (local),Borno,Rice (local),2.7 KG,2019-10-01,745.9999999999997,True,10
Borno | Rice (local),Borno,Rice (local),2.7 KG,2019-11-01,749.9999999999999,True,8
Borno | Rice (local),Borno,Rice (local),2.7 KG,2019-12-01,756.9999999999998,True,8
Borno | Rice (local),Borno,Rice (local),2.7 KG,2020-01-01,745.5000000000003,True,10
Borno | Rice (local),Borno,Rice (local),2.7 KG,2020-02-01,827.5,True,10
Borno | Rice (local),Borno,Rice (local),2.7 KG,2020-03-01,800.4999999999998,True,10
Borno | Rice (local),Borno,Rice (local),2.7 KG,2020-04-01,834.0000000000001,True,10
Borno | Rice (local),Borno,Rice (local),2.7 KG,2020-05-01,936.4999999999999,True,10
Borno | Rice (local),Borno,Rice (local),2.7 KG,2020-06-01,1019.7600000000004,True,10
Borno | Rice (local),Borno,Rice (local),2.7 KG,2020-07-01,1011.5000000000002,True,10
Borno | Rice (local),Borno,Rice (local),2.7 KG,2020-08-01,1010.5000000000001,True,10
Borno | Rice (local),Borno,Rice (local),2.7 KG,2020-09-01,1040.5000000000005,True,10
Borno | Rice (local),Borno,Rice (local),2.7 KG,2020-10-01,764.4999999999998,True,10
Borno | Rice (local),Borno,Rice (local),2.7 KG,2020-11-01,1022.4999999999995,True,10
Borno | Rice (local),Borno,Rice (local),2.7 KG,2020-12-01,1033.0,True,10
Borno | Rice (local),Borno,Rice (local),2.7 KG,2021-01-01,1042.5,True,10
Borno | Rice (local),Borno,Rice (local),2.7 KG,2021-02-01,1063.875,True,10
Borno | Rice (local),Borno,Rice (local),2.7 KG,2021-03-01,1157.0000000000002,True,10
Borno | Rice (local),Borno,Rice (local),2.7 KG,2021-04-01,1193.5000000000002,True,10
Borno | Rice (local),Borno,Rice (local),2.7 KG,2021-05-01,1184.9999999999995,True,10
Borno | Rice (local),Borno,Rice (local),2.7 KG,2021-06-01,1169.5,True,8
Borno | Rice (local),Borno,Rice (local),2.7 KG,2021-07-01,1176.4999999999998,True,8
Borno | Rice (local),Borno,Rice (local),2.7 KG,2021-08-01,1206.0000000000005,True,8
Borno | Rice (local),Borno,Rice (local),2.7 KG,2021-09-01,1181.0,True,8
Borno | Rice (local),Borno,Rice (local),2.7 KG,2021-10-01,1193.5000000000002,True,8
Borno | Rice (local),Borno,Rice (local),2.7 KG,2021-11-01,1241.5000000000005,True,8
Borno | Rice (local),Borno,Rice (local),2.7 KG,2021-12-01,1229.5000000000005,True,8
Borno | Rice (local),Borno,Rice (local),2.7 KG,2022-01-01,1301.9999999999995,True,8
Borno | Rice (local),Borno,Rice (local),2.7 KG,2022-02-01,1253.4999999999995,True,8
Borno | Rice (local),Borno,Rice (local),2.7 KG,2022-03-01,1265.9999999999995,True,8
Borno | Rice (local),Borno,Rice (local),2.7 KG,2022-04-01,1402.0000000000002,True,8
Borno | Rice (local),Borno,Rice (local),2.7 KG,2022-05-01,1416.5,True,8
Borno | Rice (local),Borno,Rice (local),2.7 KG,2022-06-01,1168.73,True,2
Borno | Rice (local),Borno,Rice (local),2.7 KG,2022-07-01,1191.675,True,2
Borno | Rice (local),Borno,Rice (local),2.7 KG,2022-08-01,1235.145,True,2
Borno | Rice (local),Borno,Rice (local),2.7 KG,2022-09-01,1143.7499999999995,True,2
Borno | Rice (local),Borno,Rice (local),2.7 KG,2022-10-01,1151.8400000000006,True,2
Borno | Rice (local),Borno,Rice (local),2.7 KG,2022-11-01,1277.2650000000006,True,2
Borno | Rice (local),Borno,Rice (local),2.7 KG,2022-12-01,1318.34,True,2
Borno | Rice (local),Borno,Rice (local),2.7 KG,2023-01-01,1257.0,True,2
Borno | Rice (local),Borno,Rice (local),2.7 KG,2023-02-01,1842.9999999999995,True,6
Borno | Rice (local),Borno,Rice (local),2.7 KG,2023-03-01,1866.9999999999995,True,6
Borno | Rice (local),Borno,Rice (local),2.7 KG,2023-04-01,2005.0000000000005,True,6
Borno | Rice (local),Borno,Rice (local),2.7 KG,2023-05-01,2058.9999999999995,True,6
Borno | Rice (local),Borno,Rice (local),2.7 KG,2023-06-01,1999.9999999999998,True,18
Borno | Rice (local),Borno,Rice (local),2.7 KG,2023-07-01,1996.7700000000002,True,19
Borno | Rice (local),Borno,Rice (local),2.7 KG,2023-08-01,2211.875,True,18
Borno | Rice (local),Borno,Rice (local),2.7 KG,2023-09-01,2379.4849999999988,True,18
Borno | Rice (local),Borno,Rice (local),2.7 KG,2023-10-01,2343.55,True,19
Borno | Rice (local),Borno,Rice (local),2.7 KG,2023-11-01,2300.000000000001,True,19
Borno | Rice (local),Borno,Rice (local),2.7 KG,2023-12-01,2199.9999999999995,True,3
Borno | Rice (local),Borno,Rice (local),2.7 KG,2024-01-01,2833.330000000001,True,15
Borno | Rice (local),Borno,Rice (local),2.7 KG,2024-02-01,3062.0699999999974,True,10
Borno | Rice (local),Borno,Rice (local),2.7 KG,2024-03-01,3306.25,True,9
Borno | Rice (local),Borno,Rice (local),2.7 KG,2024-04-01,3066.6699999999996,True,1
Borno | Rice (local),Borno,Rice (local),2.7 KG,2024-05-01,3541.6700000000014,True,9
Borno | Rice (local),Borno,Rice (local),2.7 KG,2024-06-01,3717.3900000000012,True,10
Borno | Rice (local),Borno,Rice (local),2.7 KG,2024-07-01,4246.097208025269,False,0
Borno | Rice (local),Borno,Rice (local),2.7 KG,2024-08-01,4850.000000000002,True,5
Borno | Rice (local),Borno,Rice (local),2.7 KG,2024-09-01,4800.000000000001,True,19
Borno | Rice (local),Borno,Rice (local),2.7 KG,2024-10-01,4729.029999999996,True,21
Borno | Rice (local),Borno,Rice (local),2.7 KG,2024-11-01,4375.000000000003,True,16
Borno | Rice (local),Borno,Rice (local),2.7 KG,2024-12-01,4256.059999999997,True,18
Borno | Rice (local),Borno,Rice (local),2.7 KG,2025-01-01,4186.839999999998,True,21
Borno | Rice (local),Borno,Rice (local),2.7 KG,2025-02-01,4387.69,True,16
Borno | Rice (local),Borno,Rice (local),2.7 KG,2025-03-01,3996.7699999999977,True,11
Borno | Rice (local),Borno,Rice (local),2.7 KG,2025-04-01,3999.9999999999995,True,16
Borno | Rice (local),Borno,Rice (local),2.7 KG,2025-05-01,3847.0599999999968,True,21
Borno | Rice (local),Borno,Rice (local),2.7 KG,2025-06-01,3774.9999999999973,True,16
Borno | Rice (local),Borno,Rice (local),2.7 KG,2025-07-01,3427.6900000000014,True,10
Borno | Rice (local),Borno,Rice (local),2.7 KG,2025-08-01,3175.0000000000005,True,15
Borno | Rice (local),Borno,Rice (local),2.7 KG,2025-09-01,3200.0000000000027,True,21
Borno | Rice (local),Borno,Rice (local),2.7 KG,2025-10-01,2903.8450000000007,True,22
Borno | Rice (local),Borno,Rice (local),2.7 KG,2025-11-01,2711.815,True,22
Borno | Rice (local),Borno,Rice (local),2.7 KG,2025-12-01,2512.5000000000005,True,22
Borno | Rice (local),Borno,Rice (local),2.7 KG,2026-01-01,2400.0000000000005,True,21
Borno | Rice (local),Borno,Rice (local),2.7 KG,2026-02-01,2398.215,True,16
Borno | Rice (local),Borno,Rice (local),2.7 KG,2026-03-01,2562.499999999999,True,16
Borno | Rice (local),Borno,Rice (local),2.7 KG,2026-04-01,2799.9999999999995,True,7
Borno | Rice (local),Borno,Rice (local),2.7 KG,2026-05-01,2999.9999999999977,True,12
Borno | Rice (local),Borno,Rice (local),2.7 KG,2026-06-01,3227.7799999999993,True,13
Borno | Rice (local),Borno,Rice (local),2.7 KG,2026-07-01,3078.2050000000017,True,12
Borno | Rice (local),Borno,Rice (local),2.7 KG,2026-08-01,3173.764999999999,True,16
Borno | Rice (local),Borno,Rice (local),2.7 KG,2026-09-01,3249.9999999999973,True,4
Borno | Yam,Borno,Yam,2.5 KG,2017-02-01,257.00000000000006,True,9
Borno | Yam,Borno,Yam,2.5 KG,2017-03-01,257.00000000000006,True,8
Borno | Yam,Borno,Yam,2.5 KG,2017-04-01,293.99999999999994,True,10
Borno | Yam,Borno,Yam,2.5 KG,2017-05-01,278.99999999999994,True,10
Borno | Yam,Borno,Yam,2.5 KG,2017-06-01,486.99999999999994,True,10
Borno | Yam,Borno,Yam,2.5 KG,2017-07-01,514.4999999999999,True,10
Borno | Yam,Borno,Yam,2.5 KG,2017-08-01,514.4999999999999,True,10
Borno | Yam,Borno,Yam,2.5 KG,2017-09-01,441.0,True,10
Borno | Yam,Borno,Yam,2.5 KG,2017-10-01,514.4999999999999,True,10
Borno | Yam,Borno,Yam,2.5 KG,2017-11-01,426.50000000000006,True,10
Borno | Yam,Borno,Yam,2.5 KG,2017-12-01,331.0,True,10
Borno | Yam,Borno,Yam,2.5 KG,2018-01-01,368.0000000000001,True,10
Borno | Yam,Borno,Yam,2.5 KG,2018-02-01,331.0,True,9
Borno | Yam,Borno,Yam,2.5 KG,2018-03-01,368.0000000000001,True,10
Borno | Yam,Borno,Yam,2.5 KG,2018-04-01,507.49999999999994,True,10
Borno | Yam,Borno,Yam,2.5 KG,2018-05-01,808.9999999999997,True,10
Borno | Yam,Borno,Yam,2.5 KG,2018-06-01,511.50000000000017,True,8
Borno | Yam,Borno,Yam,2.5 KG,2018-07-01,808.9999999999997,True,10
Borno | Yam,Borno,Yam,2.5 KG,2018-08-01,772.0000000000002,True,10
Borno | Yam,Borno,Yam,2.5 KG,2018-09-01,734.9999999999999,True,10
Borno | Yam,Borno,Yam,2.5 KG,2018-10-01,716.9999999999999,True,10
Borno | Yam,Borno,Yam,2.5 KG,2018-11-01,666.0000000000001,True,10
Borno | Yam,Borno,Yam,2.5 KG,2018-12-01,542.0000000000001,True,10
Borno | Yam,Borno,Yam,2.5 KG,2019-01-01,734.9999999999999,True,9
Borno | Yam,Borno,Yam,2.5 KG,2019-02-01,734.9999999999999,True,10
Borno | Yam,Borno,Yam,2.5 KG,2019-03-01,734.9999999999999,True,10
Borno | Yam,Borno,Yam,2.5 KG,2019-04-01,734.9999999999999,True,10
Borno | Yam,Borno,Yam,2.5 KG,2019-05-01,808.9999999999997,True,9
Borno | Yam,Borno,Yam,2.5 KG,2019-06-01,790.0000000000002,True,9
Borno | Yam,Borno,Yam,2.5 KG,2019-07-01,776.9999999999999,True,9
Borno | Yam,Borno,Yam,2.5 KG,2019-08-01,769.5000000000001,True,10
Borno | Yam,Borno,Yam,2.5 KG,2019-09-01,749.4999999999999,True,10
Borno | Yam,Borno,Yam,2.5 KG,2019-10-01,729.5000000000002,True,10
Borno | Yam,Borno,Yam,2.5 KG,2019-11-01,707.0000000000002,True,10
Borno | Yam,Borno,Yam,2.5 KG,2019-12-01,690.5000000000002,True,10
Borno | Yam,Borno,Yam,2.5 KG,2020-01-01,671.5,True,10
Borno | Yam,Borno,Yam,2.5 KG,2020-02-01,527.0000000000001,True,10
Borno | Yam,Borno,Yam,2.5 KG,2020-03-01,515.0000000000001,True,10
Borno | Yam,Borno,Yam,2.5 KG,2020-04-01,569.4999999999998,True,10
Borno | Yam,Borno,Yam,2.5 KG,2020-05-01,613.0000000000001,True,10
Borno | Yam,Borno,Yam,2.5 KG,2020-06-01,689.5,True,10
Borno | Yam,Borno,Yam,2.5 KG,2020-07-01,665.9050000000002,True,10
Borno | Yam,Borno,Yam,2.5 KG,2020-08-01,659.0,True,10
Borno | Yam,Borno,Yam,2.5 KG,2020-09-01,660.4999999999999,True,10
Borno | Yam,Borno,Yam,2.5 KG,2020-10-01,735.5000000000002,True,10
Borno | Yam,Borno,Yam,2.5 KG,2020-11-01,635.0,True,10
Borno | Yam,Borno,Yam,2.5 KG,2020-12-01,621.5000000000002,True,10
Borno | Yam,Borno,Yam,2.5 KG,2021-01-01,609.0000000000001,True,10
Borno | Yam,Borno,Yam,2.5 KG,2021-02-01,597.9999999999998,True,10
Borno | Yam,Borno,Yam,2.5 KG,2021-03-01,551.0000000000002,True,10
Borno | Yam,Borno,Yam,2.5 KG,2021-04-01,583.4999999999999,True,10
Borno | Yam,Borno,Yam,2.5 KG,2021-05-01,571.9999999999999,True,10
Borno | Yam,Borno,Yam,2.5 KG,2021-06-01,661.5000000000002,True,8
Borno | Yam,Borno,Yam,2.5 KG,2021-07-01,707.9999999999999,True,8
Borno | Yam,Borno,Yam,2.5 KG,2021-08-01,680.4999999999999,True,8
Borno | Yam,Borno,Yam,2.5 KG,2021-09-01,689.5,True,8
Borno | Yam,Borno,Yam,2.5 KG,2021-10-01,779.6749999999996,True,8
Borno | Yam,Borno,Yam,2.5 KG,2021-11-01,733.9999999999997,True,8
Borno | Yam,Borno,Yam,2.5 KG,2021-12-01,738.9999999999998,True,8
Borno | Yam,Borno,Yam,2.5 KG,2022-01-01,689.5,True,8
Borno | Yam,Borno,Yam,2.5 KG,2022-02-01,717.9999999999999,True,8
Borno | Yam,Borno,Yam,2.5 KG,2022-03-01,767.8549999999998,True,8
Borno | Yam,Borno,Yam,2.5 KG,2022-04-01,459.4999999999999,True,8
Borno | Yam,Borno,Yam,2.5 KG,2022-05-01,867.2399999999998,True,8
Borno | Yam,Borno,Yam,2.5 KG,2022-06-01,2062.235,True,2
Borno | Yam,Borno,Yam,2.5 KG,2022-07-01,2193.5800000000004,True,2
Borno | Yam,Borno,Yam,2.5 KG,2022-08-01,1780.1649999999993,True,2
Borno | Yam,Borno,Yam,2.5 KG,2022-09-01,1784.9000000000003,True,2
Borno | Yam,Borno,Yam,2.5 KG,2022-10-01,1761.0150000000006,True,2
Borno | Yam,Borno,Yam,2.5 KG,2022-11-01,1803.6500000000005,True,2
Borno | Yam,Borno,Yam,2.5 KG,2022-12-01,1771.4850000000006,True,2
Borno | Yam,Borno,Yam,2.5 KG,2023-01-01,2034.5000000000002,True,2
Borno | Yam,Borno,Yam,2.5 KG,2023-02-01,594.4999999999999,True,6
Borno | Yam,Borno,Yam,2.5 KG,2023-03-01,572.5000000000002,True,6
Borno | Yam,Borno,Yam,2.5 KG,2023-04-01,579.0000000000002,True,6
Borno | Yam,Borno,Yam,2.5 KG,2023-05-01,593.0000000000002,True,6
Borno | Yam,Borno,Yam,2.5 KG,2023-06-01,999.9999999999998,True,18
Borno | Yam,Borno,Yam,2.5 KG,2023-07-01,1224.3249999999994,True,18
Borno | Yam,Borno,Yam,2.5 KG,2023-08-01,1579.835,True,18
Borno | Yam,Borno,Yam,2.5 KG,2023-09-01,1500.0,True,18
Borno | Yam,Borno,Yam,2.5 KG,2023-10-01,1609.6799999999996,True,19
Borno | Yam,Borno,Yam,2.5 KG,2023-11-01,1551.9200000000003,True,19
Borno | Yam,Borno,Yam,2.5 KG,2023-12-01,2499.9999999999995,True,3
Borno | Yam,Borno,Yam,2.5 KG,2024-01-01,2225.0,True,14
Borno | Yam,Borno,Yam,2.5 KG,2024-02-01,1889.3449999999998,True,10
Borno | Yam,Borno,Yam,2.5 KG,2024-03-01,1999.9999999999998,True,9
Borno | Yam,Borno,Yam,2.5 KG,2024-04-01,1500.0,True,1
Borno | Yam,Borno,Yam,2.5 KG,2024-05-01,2999.9999999999977,True,9
Borno | Yam,Borno,Yam,2.5 KG,2024-06-01,2890.624999999999,True,10
Borno | Yam,Borno,Yam,2.5 KG,2024-07-01,3400.3676271838603,False,0
Borno | Yam,Borno,Yam,2.5 KG,2024-08-01,3999.9999999999995,True,5
Borno | Yam,Borno,Yam,2.5 KG,2024-09-01,3175.0000000000005,True,18
Borno | Yam,Borno,Yam,2.5 KG,2024-10-01,3499.9999999999995,True,19
Borno | Yam,Borno,Yam,2.5 KG,2024-11-01,3499.9999999999995,True,15
Borno | Yam,Borno,Yam,2.5 KG,2024-12-01,3263.769999999998,True,18
Borno | Yam,Borno,Yam,2.5 KG,2025-01-01,3161.290000000002,True,20
Borno | Yam,Borno,Yam,2.5 KG,2025-02-01,3473.2150000000024,True,14
Borno | Yam,Borno,Yam,2.5 KG,2025-03-01,3499.9999999999995,True,9
Borno | Yam,Borno,Yam,2.5 KG,2025-04-01,2781.4800000000005,True,13
Borno | Yam,Borno,Yam,2.5 KG,2025-05-01,3499.9999999999995,True,16
Borno | Yam,Borno,Yam,2.5 KG,2025-06-01,3041.3800000000015,True,14
Borno | Yam,Borno,Yam,2.5 KG,2025-07-01,2999.9999999999977,True,9
Borno | Yam,Borno,Yam,2.5 KG,2025-08-01,2999.9999999999977,True,13
Borno | Yam,Borno,Yam,2.5 KG,2025-09-01,2914.06,True,18
Borno | Yam,Borno,Yam,2.5 KG,2025-10-01,2978.2250000000004,True,18
Borno | Yam,Borno,Yam,2.5 KG,2025-11-01,3004.9999999999977,True,20
Borno | Yam,Borno,Yam,2.5 KG,2025-12-01,2749.999999999999,True,20
Borno | Yam,Borno,Yam,2.5 KG,2026-01-01,2999.9999999999977,True,19
Borno | Yam,Borno,Yam,2.5 KG,2026-02-01,2999.9999999999977,True,15
Borno | Yam,Borno,Yam,2.5 KG,2026-03-01,2969.8300000000013,True,15
Borno | Yam,Borno,Yam,2.5 KG,2026-04-01,2833.330000000001,True,7
Borno | Yam,Borno,Yam,2.5 KG,2026-05-01,3237.499999999999,True,11
Borno | Yam,Borno,Yam,2.5 KG,2026-06-01,3499.9999999999995,True,12
Borno | Yam,Borno,Yam,2.5 KG,2026-07-01,3327.074999999999,True,12
Borno | Yam,Borno,Yam,2.5 KG,2026-08-01,3191.6649999999977,True,16
Borno | Yam,Borno,Yam,2.5 KG,2026-09-01,3249.9999999999973,True,4
Yobe | Millet,Yobe,Millet,2.6 KG,2017-02-01,370.99999999999994,True,7
Yobe | Millet,Yobe,Millet,2.6 KG,2017-03-01,370.99999999999994,True,9
Yobe | Millet,Yobe,Millet,2.6 KG,2017-04-01,370.99999999999994,True,9
Yobe | Millet,Yobe,Millet,2.6 KG,2017-05-01,370.99999999999994,True,9
Yobe | Millet,Yobe,Millet,2.6 KG,2017-06-01,370.99999999999994,True,9
Yobe | Millet,Yobe,Millet,2.6 KG,2017-07-01,743.0,True,9
Yobe | Millet,Yobe,Millet,2.6 KG,2017-08-01,743.0,True,9
Yobe | Millet,Yobe,Millet,2.6 KG,2017-09-01,649.9999999999999,True,11
Yobe | Millet,Yobe,Millet,2.6 KG,2017-10-01,557.0000000000001,True,11
Yobe | Millet,Yobe,Millet,2.6 KG,2017-11-01,557.0000000000001,True,11
Yobe | Millet,Yobe,Millet,2.6 KG,2017-12-01,539.0000000000002,True,11
Yobe | Millet,Yobe,Millet,2.6 KG,2018-01-01,511.0,True,12
Yobe | Millet,Yobe,Millet,2.6 KG,2018-02-01,511.0,True,11
Yobe | Millet,Yobe,Millet,2.6 KG,2018-03-01,520.0,True,11
Yobe | Millet,Yobe,Millet,2.6 KG,2018-04-01,464.0,True,11
Yobe | Millet,Yobe,Millet,2.6 KG,2018-05-01,464.0,True,11
Yobe | Millet,Yobe,Millet,2.6 KG,2018-06-01,278.99999999999994,True,11
Yobe | Millet,Yobe,Millet,2.6 KG,2018-07-01,316.00000000000006,True,11
Yobe | Millet,Yobe,Millet,2.6 KG,2018-08-01,306.0,True,11
Yobe | Millet,Yobe,Millet,2.6 KG,2018-09-01,278.99999999999994,True,11
Yobe | Millet,Yobe,Millet,2.6 KG,2018-10-01,254.99999999999991,True,11
Yobe | Millet,Yobe,Millet,2.6 KG,2018-11-01,231.99999999999997,True,11
Yobe | Millet,Yobe,Millet,2.6 KG,2018-12-01,231.99999999999997,True,11
Yobe | Millet,Yobe,Millet,2.6 KG,2019-01-01,231.99999999999997,True,12
Yobe | Millet,Yobe,Millet,2.6 KG,2019-02-01,234.49999999999994,True,12
Yobe | Millet,Yobe,Millet,2.6 KG,2019-03-01,231.99999999999997,True,12
Yobe | Millet,Yobe,Millet,2.6 KG,2019-04-01,234.49999999999994,True,12
Yobe | Millet,Yobe,Millet,2.6 KG,2019-05-01,223.00000000000003,True,12
Yobe | Millet,Yobe,Millet,2.6 KG,2019-06-01,217.5,True,12
Yobe | Millet,Yobe,Millet,2.6 KG,2019-07-01,223.00000000000003,True,11
Yobe | Millet,Yobe,Millet,2.6 KG,2019-08-01,203.99999999999994,True,12
Yobe | Millet,Yobe,Millet,2.6 KG,2019-09-01,203.99999999999994,True,11
Yobe | Millet,Yobe,Millet,2.6 KG,2019-10-01,208.99999999999997,True,12
Yobe | Millet,Yobe,Millet,2.6 KG,2019-11-01,203.99999999999994,True,11
Yobe | Millet,Yobe,Millet,2.6 KG,2019-12-01,203.99999999999994,True,11
Yobe | Millet,Yobe,Millet,2.6 KG,2020-01-01,195.0,True,12
Yobe | Millet,Yobe,Millet,2.6 KG,2020-02-01,223.00000000000003,True,12
Yobe | Millet,Yobe,Millet,2.6 KG,2020-03-01,250.49999999999991,True,2
Yobe | Millet,Yobe,Millet,2.6 KG,2020-04-01,253.8649999999999,True,2
Yobe | Millet,Yobe,Millet,2.6 KG,2020-05-01,284.00000000000006,True,12
Yobe | Millet,Yobe,Millet,2.6 KG,2020-06-01,330.285,True,12
Yobe | Millet,Yobe,Millet,2.6 KG,2020-07-01,464.0,True,8
Yobe | Millet,Yobe,Millet,2.6 KG,2020-08-01,464.0,True,12
Yobe | Millet,Yobe,Millet,2.6 KG,2020-09-01,418.0,True,12
Yobe | Millet,Yobe,Millet,2.6 KG,2020-10-01,216.13000000000002,True,12
Yobe | Millet,Yobe,Millet,2.6 KG,2020-11-01,370.99999999999994,True,12
Yobe | Millet,Yobe,Millet,2.6 KG,2020-12-01,370.99999999999994,True,12
Yobe | Millet,Yobe,Millet,2.6 KG,2021-01-01,379.4049999999999,True,12
Yobe | Millet,Yobe,Millet,2.6 KG,2021-02-01,380.69000000000005,True,12
Yobe | Millet,Yobe,Millet,2.6 KG,2021-03-01,476.00000000000017,True,12
Yobe | Millet,Yobe,Millet,2.6 KG,2021-04-01,450.1350000000001,True,2
Yobe | Millet,Yobe,Millet,2.6 KG,2021-05-01,464.0,True,12
Yobe | Millet,Yobe,Millet,2.6 KG,2021-06-01,557.0000000000001,True,12
Yobe | Millet,Yobe,Millet,2.6 KG,2021-07-01,557.0000000000001,True,12
Yobe | Millet,Yobe,Millet,2.6 KG,2021-08-01,557.0000000000001,True,12
Yobe | Millet,Yobe,Millet,2.6 KG,2021-09-01,470.8399999999999,True,12
Yobe | Millet,Yobe,Millet,2.6 KG,2021-10-01,444.0,True,12
Yobe | Millet,Yobe,Millet,2.6 KG,2021-11-01,464.0,True,12
Yobe | Millet,Yobe,Millet,2.6 KG,2021-12-01,464.0,True,12
Yobe | Millet,Yobe,Millet,2.6 KG,2022-01-01,469.5,True,12
Yobe | Millet,Yobe,Millet,2.6 KG,2022-02-01,511.0,True,12
Yobe | Millet,Yobe,Millet,2.6 KG,2022-03-01,551.5000000000001,True,12
Yobe | Millet,Yobe,Millet,2.6 KG,2022-04-01,557.0000000000001,True,12
Yobe | Millet,Yobe,Millet,2.6 KG,2022-05-01,557.0000000000001,True,12
Yobe | Millet,Yobe,Millet,2.6 KG,2022-06-01,521.4849999999999,True,2
Yobe | Millet,Yobe,Millet,2.6 KG,2022-07-01,532.3050000000001,True,2
Yobe | Millet,Yobe,Millet,2.6 KG,2022-08-01,509.50000000000006,True,2
Yobe | Millet,Yobe,Millet,2.6 KG,2022-09-01,537.0850000000002,True,2
Yobe | Millet,Yobe,Millet,2.6 KG,2022-10-01,522.645,True,2
Yobe | Millet,Yobe,Millet,2.6 KG,2022-11-01,555.2349999999999,True,2
Yobe | Millet,Yobe,Millet,2.6 KG,2022-12-01,548.9999999999999,True,2
Yobe | Millet,Yobe,Millet,2.6 KG,2023-01-01,548.9999999999999,True,2
Yobe | Millet,Yobe,Millet,2.6 KG,2023-02-01,451.49999999999994,True,10
Yobe | Millet,Yobe,Millet,2.6 KG,2023-03-01,513.5000000000002,True,10
Yobe | Millet,Yobe,Millet,2.6 KG,2023-04-01,624.0000000000001,True,10
Yobe | Millet,Yobe,Millet,2.6 KG,2023-05-01,658.0,True,10
Yobe | Millet,Yobe,Millet,2.6 KG,2023-06-01,790.0000000000002,True,10
Yobe | Millet,Yobe,Millet,2.6 KG,2023-07-01,1200.0,True,5
Yobe | Millet,Yobe,Millet,2.6 KG,2023-08-01,1200.0,True,5
Yobe | Millet,Yobe,Millet,2.6 KG,2023-09-01,900.0000000000001,True,8
Yobe | Millet,Yobe,Millet,2.6 KG,2023-10-01,900.0000000000001,True,10
Yobe | Millet,Yobe,Millet,2.6 KG,2023-11-01,948.6832980505142,False,0
Yobe | Millet,Yobe,Millet,2.6 KG,2023-12-01,999.9999999999998,True,3
Yobe | Millet,Yobe,Millet,2.6 KG,2024-01-01,1185.4150000000002,True,10
Yobe | Millet,Yobe,Millet,2.6 KG,2024-02-01,1341.5050000000006,True,10
Yobe | Millet,Yobe,Millet,2.6 KG,2024-03-01,1489.1749999999997,True,10
Yobe | Millet,Yobe,Millet,2.6 KG,2024-04-01,1500.0,True,10
Yobe | Millet,Yobe,Millet,2.6 KG,2024-05-01,1667.7449999999992,True,10
Yobe | Millet,Yobe,Millet,2.6 KG,2024-06-01,2058.959999999999,True,10
Yobe | Millet,Yobe,Millet,2.6 KG,2024-07-01,2261.29,True,5
Yobe | Millet,Yobe,Millet,2.6 KG,2024-08-01,2354.8399999999992,True,5
Yobe | Millet,Yobe,Millet,2.6 KG,2024-09-01,1826.67,True,11
Yobe | Millet,Yobe,Millet,2.6 KG,2024-10-01,1540.9199999999996,True,10
Yobe | Millet,Yobe,Millet,2.6 KG,2024-11-01,1517.5949999999998,True,8
Yobe | Millet,Yobe,Millet,2.6 KG,2024-12-01,1602.2749999999994,True,10
Yobe | Millet,Yobe,Millet,2.6 KG,2025-01-01,1500.0,True,10
Yobe | Millet,Yobe,Millet,2.6 KG,2025-02-01,1432.1399999999996,True,9
Yobe | Millet,Yobe,Millet,2.6 KG,2025-03-01,1292.7399999999996,True,6
Yobe | Millet,Yobe,Millet,2.6 KG,2025-04-01,1200.0,True,5
Yobe | Millet,Yobe,Millet,2.6 KG,2025-05-01,1350.1850000000002,True,10
Yobe | Millet,Yobe,Millet,2.6 KG,2025-06-01,1399.9999999999998,True,11
Yobe | Millet,Yobe,Millet,2.6 KG,2025-07-01,1399.9999999999998,True,9
Yobe | Millet,Yobe,Millet,2.6 KG,2025-08-01,1099.9999999999995,True,9
Yobe | Millet,Yobe,Millet,2.6 KG,2025-09-01,953.33,True,11
Yobe | Millet,Yobe,Millet,2.6 KG,2025-10-01,857.2599999999998,True,12
Yobe | Millet,Yobe,Millet,2.6 KG,2025-11-01,803.3349999999999,True,12
Yobe | Millet,Yobe,Millet,2.6 KG,2025-12-01,744.355,True,12
Yobe | Millet,Yobe,Millet,2.6 KG,2026-01-01,727.42,True,12
Yobe | Millet,Yobe,Millet,2.6 KG,2026-02-01,815.6450000000002,True,12
Yobe | Millet,Yobe,Millet,2.6 KG,2026-03-01,807.76,True,11
Yobe | Millet,Yobe,Millet,2.6 KG,2026-04-01,872.4999999999999,True,6
Yobe | Millet,Yobe,Millet,2.6 KG,2026-05-01,931.4500000000003,True,6
Yobe | Millet,Yobe,Millet,2.6 KG,2026-06-01,1060.83,True,6
Yobe | Millet,Yobe,Millet,2.6 KG,2026-07-01,1052.4650000000006,True,6
Yobe | Millet,Yobe,Millet,2.6 KG,2026-08-01,1046.0699999999995,True,8
Yobe | Oil (palm),Yobe,Oil (palm),L,2017-02-01,999.9999999999998,True,7
Yobe | Oil (palm),Yobe,Oil (palm),L,2017-03-01,933.0000000000001,True,9
Yobe | Oil (palm),Yobe,Oil (palm),L,2017-04-01,933.0000000000001,True,10
Yobe | Oil (palm),Yobe,Oil (palm),L,2017-05-01,933.0000000000001,True,10
Yobe | Oil (palm),Yobe,Oil (palm),L,2017-06-01,833.5000000000001,True,10
Yobe | Oil (palm),Yobe,Oil (palm),L,2017-07-01,783.5,True,10
Yobe | Oil (palm),Yobe,Oil (palm),L,2017-08-01,816.5,True,10
Yobe | Oil (palm),Yobe,Oil (palm),L,2017-09-01,933.0000000000001,True,12
Yobe | Oil (palm),Yobe,Oil (palm),L,2017-10-01,933.0000000000001,True,12
Yobe | Oil (palm),Yobe,Oil (palm),L,2017-11-01,760.0000000000001,True,12
Yobe | Oil (palm),Yobe,Oil (palm),L,2017-12-01,799.9999999999999,True,12
Yobe | Oil (palm),Yobe,Oil (palm),L,2018-01-01,720.0000000000001,True,12
Yobe | Oil (palm),Yobe,Oil (palm),L,2018-02-01,799.9999999999999,True,11
Yobe | Oil (palm),Yobe,Oil (palm),L,2018-03-01,732.9999999999999,True,11
Yobe | Oil (palm),Yobe,Oil (palm),L,2018-04-01,766.9999999999999,True,11
Yobe | Oil (palm),Yobe,Oil (palm),L,2018-05-01,766.9999999999999,True,11
Yobe | Oil (palm),Yobe,Oil (palm),L,2018-06-01,799.9999999999999,True,11
Yobe | Oil (palm),Yobe,Oil (palm),L,2018-07-01,703.5,True,12
Yobe | Oil (palm),Yobe,Oil (palm),L,2018-08-01,467.00000000000006,True,12
Yobe | Oil (palm),Yobe,Oil (palm),L,2018-09-01,467.00000000000006,True,12
Yobe | Oil (palm),Yobe,Oil (palm),L,2018-10-01,483.4999999999999,True,12
Yobe | Oil (palm),Yobe,Oil (palm),L,2018-11-01,439.99999999999983,True,12
Yobe | Oil (palm),Yobe,Oil (palm),L,2018-12-01,467.00000000000006,True,12
Yobe | Oil (palm),Yobe,Oil (palm),L,2019-01-01,467.00000000000006,True,12
Yobe | Oil (palm),Yobe,Oil (palm),L,2019-02-01,439.99999999999983,True,12
Yobe | Oil (palm),Yobe,Oil (palm),L,2019-03-01,419.99999999999994,True,12
Yobe | Oil (palm),Yobe,Oil (palm),L,2019-04-01,419.99999999999994,True,12
Yobe | Oil (palm),Yobe,Oil (palm),L,2019-05-01,413.4999999999999,True,12
Yobe | Oil (palm),Yobe,Oil (palm),L,2019-06-01,399.9999999999999,True,12
Yobe | Oil (palm),Yobe,Oil (palm),L,2019-07-01,399.9999999999999,True,12
Yobe | Oil (palm),Yobe,Oil (palm),L,2019-08-01,399.9999999999999,True,12
Yobe | Oil (palm),Yobe,Oil (palm),L,2019-09-01,399.9999999999999,True,11
Yobe | Oil (palm),Yobe,Oil (palm),L,2019-10-01,399.9999999999999,True,12
Yobe | Oil (palm),Yobe,Oil (palm),L,2019-11-01,413.4999999999999,True,12
Yobe | Oil (palm),Yobe,Oil (palm),L,2019-12-01,439.99999999999983,True,12
Yobe | Oil (palm),Yobe,Oil (palm),L,2020-01-01,433.50000000000017,True,12
Yobe | Oil (palm),Yobe,Oil (palm),L,2020-02-01,439.99999999999983,True,12
Yobe | Oil (palm),Yobe,Oil (palm),L,2020-03-01,441.6649999999999,True,2
Yobe | Oil (palm),Yobe,Oil (palm),L,2020-04-01,444.66500000000013,True,2
Yobe | Oil (palm),Yobe,Oil (palm),L,2020-05-01,467.00000000000006,True,12
Yobe | Oil (palm),Yobe,Oil (palm),L,2020-06-01,489.99999999999983,True,12
Yobe | Oil (palm),Yobe,Oil (palm),L,2020-07-01,532.9999999999999,True,8
Yobe | Oil (palm),Yobe,Oil (palm),L,2020-08-01,532.9999999999999,True,12
Yobe | Oil (palm),Yobe,Oil (palm),L,2020-09-01,516.5,True,12
Yobe | Oil (palm),Yobe,Oil (palm),L,2020-10-01,399.9999999999999,True,12
Yobe | Oil (palm),Yobe,Oil (palm),L,2020-11-01,600.0,True,12
Yobe | Oil (palm),Yobe,Oil (palm),L,2020-12-01,632.9999999999998,True,11
Yobe | Oil (palm),Yobe,Oil (palm),L,2021-01-01,666.9999999999998,True,12
Yobe | Oil (palm),Yobe,Oil (palm),L,2021-02-01,666.9999999999998,True,12
Yobe | Oil (palm),Yobe,Oil (palm),L,2021-03-01,666.9999999999998,True,12
Yobe | Oil (palm),Yobe,Oil (palm),L,2021-04-01,539.995,True,2
Yobe | Oil (palm),Yobe,Oil (palm),L,2021-05-01,699.5000000000002,True,12
Yobe | Oil (palm),Yobe,Oil (palm),L,2021-06-01,707.0000000000002,True,12
Yobe | Oil (palm),Yobe,Oil (palm),L,2021-07-01,770.2000000000004,True,12
Yobe | Oil (palm),Yobe,Oil (palm),L,2021-08-01,799.9999999999999,True,12
Yobe | Oil (palm),Yobe,Oil (palm),L,2021-09-01,799.9999999999999,True,12
Yobe | Oil (palm),Yobe,Oil (palm),L,2021-10-01,810.5,True,12
Yobe | Oil (palm),Yobe,Oil (palm),L,2021-11-01,829.9999999999998,True,12
Yobe | Oil (palm),Yobe,Oil (palm),L,2021-12-01,866.9999999999997,True,12
Yobe | Oil (palm),Yobe,Oil (palm),L,2022-01-01,866.9999999999997,True,12
Yobe | Oil (palm),Yobe,Oil (palm),L,2022-02-01,873.5000000000003,True,12
Yobe | Oil (palm),Yobe,Oil (palm),L,2022-03-01,875.5000000000001,True,12
Yobe | Oil (palm),Yobe,Oil (palm),L,2022-04-01,1244.0,True,12
Yobe | Oil (palm),Yobe,Oil (palm),L,2022-05-01,1244.0,True,12
Yobe | Oil (palm),Yobe,Oil (palm),L,2022-06-01,995.5550000000004,True,2
Yobe | Oil (palm),Yobe,Oil (palm),L,2022-07-01,1038.7099999999998,True,2
Yobe | Oil (palm),Yobe,Oil (palm),L,2022-08-01,1034.8250000000003,True,2
Yobe | Oil (palm),Yobe,Oil (palm),L,2022-09-01,1071.4249999999995,True,2
Yobe | Oil (palm),Yobe,Oil (palm),L,2022-10-01,1071.43,True,2
Yobe | Oil (palm),Yobe,Oil (palm),L,2022-11-01,1071.4249999999995,True,2
Yobe | Oil (palm),Yobe,Oil (palm),L,2022-12-01,1071.435,True,2
Yobe | Oil (palm),Yobe,Oil (palm),L,2023-01-01,1071.435,True,2
Yobe | Oil (palm),Yobe,Oil (palm),L,2023-02-01,1183.4999999999998,True,10
Yobe | Oil (palm),Yobe,Oil (palm),L,2023-03-01,1173.5,True,10
Yobe | Oil (palm),Yobe,Oil (palm),L,2023-04-01,1166.5,True,10
Yobe | Oil (palm),Yobe,Oil (palm),L,2023-05-01,1244.5000000000002,True,10
Yobe | Oil (palm),Yobe,Oil (palm),L,2023-06-01,1226.5000000000002,True,10
Yobe | Oil (palm),Yobe,Oil (palm),L,2023-07-01,1216.6199999999997,True,5
Yobe | Oil (palm),Yobe,Oil (palm),L,2023-08-01,1239.9000000000003,True,5
Yobe | Oil (palm),Yobe,Oil (palm),L,2023-09-01,1240.555,True,8
Yobe | Oil (palm),Yobe,Oil (palm),L,2023-10-01,1200.0,True,10
Yobe | Oil (palm),Yobe,Oil (palm),L,2023-11-01,1200.0,False,0
Yobe | Oil (palm),Yobe,Oil (palm),L,2023-12-01,1200.0,True,3
Yobe | Oil (palm),Yobe,Oil (palm),L,2024-01-01,1316.5000000000005,True,10
Yobe | Oil (palm),Yobe,Oil (palm),L,2024-02-01,1295.3300000000004,True,10
Yobe | Oil (palm),Yobe,Oil (palm),L,2024-03-01,1477.785,True,10
Yobe | Oil (palm),Yobe,Oil (palm),L,2024-04-01,1483.4999999999995,True,10
Yobe | Oil (palm),Yobe,Oil (palm),L,2024-05-01,1437.2249999999997,True,10
Yobe | Oil (palm),Yobe,Oil (palm),L,2024-06-01,1401.6149999999998,True,10
Yobe | Oil (palm),Yobe,Oil (palm),L,2024-07-01,1479.8699999999992,True,5
Yobe | Oil (palm),Yobe,Oil (palm),L,2024-08-01,1506.4499999999996,True,5
Yobe | Oil (palm),Yobe,Oil (palm),L,2024-09-01,1704.5200000000007,True,11
Yobe | Oil (palm),Yobe,Oil (palm),L,2024-10-01,1791.9049999999997,True,10
Yobe | Oil (palm),Yobe,Oil (palm),L,2024-11-01,2117.1900000000005,True,8
Yobe | Oil (palm),Yobe,Oil (palm),L,2024-12-01,2356.2500000000005,True,10
Yobe | Oil (palm),Yobe,Oil (palm),L,2025-01-01,2350.050000000001,True,10
Yobe | Oil (palm),Yobe,Oil (palm),L,2025-02-01,2397.1199999999994,True,9
Yobe | Oil (palm),Yobe,Oil (palm),L,2025-03-01,2078.1800000000007,True,6
Yobe | Oil (palm),Yobe,Oil (palm),L,2025-04-01,2087.9600000000005,True,5
Yobe | Oil (palm),Yobe,Oil (palm),L,2025-05-01,2359.0299999999993,True,10
Yobe | Oil (palm),Yobe,Oil (palm),L,2025-06-01,2499.9999999999995,True,11
Yobe | Oil (palm),Yobe,Oil (palm),L,2025-07-01,2388.89,True,9
Yobe | Oil (palm),Yobe,Oil (palm),L,2025-08-01,2250.0000000000005,True,9
Yobe | Oil (palm),Yobe,Oil (palm),L,2025-09-01,2300.000000000001,True,11
Yobe | Oil (palm),Yobe,Oil (palm),L,2025-10-01,2382.999999999999,True,12
Yobe | Oil (palm),Yobe,Oil (palm),L,2025-11-01,2247.8249999999994,True,12
Yobe | Oil (palm),Yobe,Oil (palm),L,2025-12-01,2492.945,True,12
Yobe | Oil (palm),Yobe,Oil (palm),L,2026-01-01,2201.3900000000003,True,12
Yobe | Oil (palm),Yobe,Oil (palm),L,2026-02-01,2078.125,True,12
Yobe | Oil (palm),Yobe,Oil (palm),L,2026-03-01,1999.9999999999998,True,11
Yobe | Oil (palm),Yobe,Oil (palm),L,2026-04-01,1937.5000000000007,True,6
Yobe | Oil (palm),Yobe,Oil (palm),L,2026-05-01,1937.5000000000007,True,6
Yobe | Oil (palm),Yobe,Oil (palm),L,2026-06-01,2225.0,True,6
Yobe | Oil (palm),Yobe,Oil (palm),L,2026-07-01,2585.4850000000006,True,6
Yobe | Oil (palm),Yobe,Oil (palm),L,2026-08-01,2956.525,True,8
Yobe | Rice (imported),Yobe,Rice (imported),2.8 KG,2017-02-01,1099.9999999999995,True,7
Yobe | Rice (imported),Yobe,Rice (imported),2.8 KG,2017-03-01,1050.0,True,9
Yobe | Rice (imported),Yobe,Rice (imported),2.8 KG,2017-04-01,999.9999999999998,True,9
Yobe | Rice (imported),Yobe,Rice (imported),2.8 KG,2017-05-01,999.9999999999998,True,9
Yobe | Rice (imported),Yobe,Rice (imported),2.8 KG,2017-06-01,1099.9999999999995,True,9
Yobe | Rice (imported),Yobe,Rice (imported),2.8 KG,2017-07-01,2100.0,True,9
Yobe | Rice (imported),Yobe,Rice (imported),2.8 KG,2017-08-01,2199.9999999999995,True,9
Yobe | Rice (imported),Yobe,Rice (imported),2.8 KG,2017-09-01,2199.9999999999995,True,11
Yobe | Rice (imported),Yobe,Rice (imported),2.8 KG,2017-10-01,1999.9999999999998,True,11
Yobe | Rice (imported),Yobe,Rice (imported),2.8 KG,2017-11-01,1999.9999999999998,True,11
Yobe | Rice (imported),Yobe,Rice (imported),2.8 KG,2017-12-01,1999.9999999999998,True,11
Yobe | Rice (imported),Yobe,Rice (imported),2.8 KG,2018-01-01,1975.0000000000005,True,12
Yobe | Rice (imported),Yobe,Rice (imported),2.8 KG,2018-02-01,1950.0000000000005,True,11
Yobe | Rice (imported),Yobe,Rice (imported),2.8 KG,2018-03-01,1900.0000000000005,True,11
Yobe | Rice (imported),Yobe,Rice (imported),2.8 KG,2018-04-01,1999.9999999999998,True,11
Yobe | Rice (imported),Yobe,Rice (imported),2.8 KG,2018-05-01,1999.9999999999998,True,11
Yobe | Rice (imported),Yobe,Rice (imported),2.8 KG,2018-06-01,999.9999999999998,True,11
Yobe | Rice (imported),Yobe,Rice (imported),2.8 KG,2018-07-01,999.9999999999998,True,11
Yobe | Rice (imported),Yobe,Rice (imported),2.8 KG,2018-08-01,999.9999999999998,True,11
Yobe | Rice (imported),Yobe,Rice (imported),2.8 KG,2018-09-01,999.9999999999998,True,11
Yobe | Rice (imported),Yobe,Rice (imported),2.8 KG,2018-10-01,900.0000000000001,True,11
Yobe | Rice (imported),Yobe,Rice (imported),2.8 KG,2018-11-01,950.0000000000001,True,11
Yobe | Rice (imported),Yobe,Rice (imported),2.8 KG,2018-12-01,900.0000000000001,True,11
Yobe | Rice (imported),Yobe,Rice (imported),2.8 KG,2019-01-01,900.0000000000001,True,12
Yobe | Rice (imported),Yobe,Rice (imported),2.8 KG,2019-02-01,900.0000000000001,True,12
Yobe | Rice (imported),Yobe,Rice (imported),2.8 KG,2019-03-01,900.0000000000001,True,12
Yobe | Rice (imported),Yobe,Rice (imported),2.8 KG,2019-04-01,900.0000000000001,True,12
Yobe | Rice (imported),Yobe,Rice (imported),2.8 KG,2019-05-01,900.0000000000001,True,12
Yobe | Rice (imported),Yobe,Rice (imported),2.8 KG,2019-06-01,900.0000000000001,True,12
Yobe | Rice (imported),Yobe,Rice (imported),2.8 KG,2019-07-01,900.0000000000001,True,11
Yobe | Rice (imported),Yobe,Rice (imported),2.8 KG,2019-08-01,900.0000000000001,True,12
Yobe | Rice (imported),Yobe,Rice (imported),2.8 KG,2019-09-01,950.0000000000001,True,11
Yobe | Rice (imported),Yobe,Rice (imported),2.8 KG,2019-10-01,1099.9999999999995,True,12
Yobe | Rice (imported),Yobe,Rice (imported),2.8 KG,2019-11-01,1099.9999999999995,True,11
Yobe | Rice (imported),Yobe,Rice (imported),2.8 KG,2019-12-01,1074.9999999999998,True,6
Yobe | Rice (imported),Yobe,Rice (imported),2.8 KG,2020-01-01,1050.0,True,6
Yobe | Rice (imported),Yobe,Rice (imported),2.8 KG,2020-02-01,1074.9999999999998,True,6
Yobe | Rice (imported),Yobe,Rice (imported),2.8 KG,2020-03-01,1139.5,True,2
Yobe | Rice (imported),Yobe,Rice (imported),2.8 KG,2020-04-01,1145.1000000000004,True,2
Yobe | Rice (imported),Yobe,Rice (imported),2.8 KG,2020-05-01,1218.6599999999996,True,5
Yobe | Rice (imported),Yobe,Rice (imported),2.8 KG,2020-06-01,1300.0,True,5
Yobe | Rice (imported),Yobe,Rice (imported),2.8 KG,2020-07-01,1329.4600000000005,True,4
Yobe | Rice (imported),Yobe,Rice (imported),2.8 KG,2020-08-01,1450.0,True,6
Yobe | Rice (imported),Yobe,Rice (imported),2.8 KG,2020-09-01,1438.0000000000005,True,6
Yobe | Rice (imported),Yobe,Rice (imported),2.8 KG,2020-10-01,1148.1849999999995,True,12
Yobe | Rice (imported),Yobe,Rice (imported),2.8 KG,2020-11-01,1399.9999999999998,True,5
Yobe | Rice (imported),Yobe,Rice (imported),2.8 KG,2020-12-01,1399.9999999999998,True,5
Yobe | Rice (imported),Yobe,Rice (imported),2.8 KG,2021-01-01,1399.9999999999998,True,5
Yobe | Rice (imported),Yobe,Rice (imported),2.8 KG,2021-02-01,1399.9999999999998,True,5
Yobe | Rice (imported),Yobe,Rice (imported),2.8 KG,2021-03-01,1465.9999999999998,True,9
Yobe | Rice (imported),Yobe,Rice (imported),2.8 KG,2021-04-01,1442.0000000000005,True,2
Yobe | Rice (imported),Yobe,Rice (imported),2.8 KG,2021-05-01,1495.9999999999993,True,8
Yobe | Rice (imported),Yobe,Rice (imported),2.8 KG,2021-06-01,1500.0,True,8
Yobe | Rice (imported),Yobe,Rice (imported),2.8 KG,2021-07-01,1500.0,True,7
Yobe | Rice (imported),Yobe,Rice (imported),2.8 KG,2021-08-01,1500.0,True,8
Yobe | Rice (imported),Yobe,Rice (imported),2.8 KG,2021-09-01,1500.0,True,7
Yobe | Rice (imported),Yobe,Rice (imported),2.8 KG,2021-10-01,1500.0,True,7
Yobe | Rice (imported),Yobe,Rice (imported),2.8 KG,2021-11-01,1500.0,True,7
Yobe | Rice (imported),Yobe,Rice (imported),2.8 KG,2021-12-01,1525.0000000000005,True,6
Yobe | Rice (imported),Yobe,Rice (imported),2.8 KG,2022-01-01,1500.0,True,6
Yobe | Rice (imported),Yobe,Rice (imported),2.8 KG,2022-02-01,1500.0,True,7
Yobe | Rice (imported),Yobe,Rice (imported),2.8 KG,2022-03-01,1500.0,True,9
Yobe | Rice (imported),Yobe,Rice (imported),2.8 KG,2022-04-01,1500.0,True,7
Yobe | Rice (imported),Yobe,Rice (imported),2.8 KG,2022-05-01,1550.0000000000007,True,9
Yobe | Rice (imported),Yobe,Rice (imported),2.8 KG,2022-06-01,1288.9999999999995,True,2
Yobe | Rice (imported),Yobe,Rice (imported),2.8 KG,2022-07-01,1288.9999999999995,True,2
Yobe | Rice (imported),Yobe,Rice (imported),2.8 KG,2022-08-01,1411.46,True,2
Yobe | Rice (imported),Yobe,Rice (imported),2.8 KG,2022-09-01,1625.0650000000003,True,2
Yobe | Rice (imported),Yobe,Rice (imported),2.8 KG,2022-10-01,1628.6750000000009,True,2
Yobe | Rice (imported),Yobe,Rice (imported),2.8 KG,2022-11-01,1597.5500000000002,True,2
Yobe | Rice (imported),Yobe,Rice (imported),2.8 KG,2022-12-01,1631.5,True,2
Yobe | Rice (imported),Yobe,Rice (imported),2.8 KG,2023-01-01,1631.5,True,2
Yobe | Rice (imported),Yobe,Rice (imported),2.8 KG,2023-02-01,2044.0000000000002,True,8
Yobe | Rice (imported),Yobe,Rice (imported),2.8 KG,2023-03-01,2226.0000000000005,True,4
Yobe | Rice (imported),Yobe,Rice (imported),2.8 KG,2023-04-01,2226.0000000000005,True,4
Yobe | Rice (imported),Yobe,Rice (imported),2.8 KG,2023-05-01,2277.9999999999995,True,5
Yobe | Rice (imported),Yobe,Rice (imported),2.8 KG,2023-06-01,2449.9999999999995,True,8
Yobe | Rice (imported),Yobe,Rice (imported),2.8 KG,2023-07-01,2350.0000000000005,True,4
Yobe | Rice (imported),Yobe,Rice (imported),2.8 KG,2023-08-01,2466.665,True,4
Yobe | Rice (imported),Yobe,Rice (imported),2.8 KG,2023-09-01,2682.5,True,8
Yobe | Rice (imported),Yobe,Rice (imported),2.8 KG,2023-10-01,2986.36,True,9
Yobe | Rice (imported),Yobe,Rice (imported),2.8 KG,2023-11-01,3232.9955149984353,False,0
Yobe | Rice (imported),Yobe,Rice (imported),2.8 KG,2023-12-01,3499.9999999999995,True,3
Yobe | Rice (imported),Yobe,Rice (imported),2.8 KG,2024-01-01,3699.9999999999995,True,10
Yobe | Rice (imported),Yobe,Rice (imported),2.8 KG,2024-02-01,4215.5149999999985,True,10
Yobe | Rice (imported),Yobe,Rice (imported),2.8 KG,2024-03-01,4626.709999999999,True,10
Yobe | Rice (imported),Yobe,Rice (imported),2.8 KG,2024-04-01,4710.000000000001,True,9
Yobe | Rice (imported),Yobe,Rice (imported),2.8 KG,2024-05-01,4429.0300000000025,True,9
Yobe | Rice (imported),Yobe,Rice (imported),2.8 KG,2024-06-01,4533.329999999998,True,9
Yobe | Rice (imported),Yobe,Rice (imported),2.8 KG,2024-07-01,5206.450000000003,True,5
Yobe | Rice (imported),Yobe,Rice (imported),2.8 KG,2024-08-01,5319.999999999997,True,5
Yobe | Rice (imported),Yobe,Rice (imported),2.8 KG,2024-09-01,5549.999999999995,True,10
Yobe | Rice (imported),Yobe,Rice (imported),2.8 KG,2024-10-01,5566.669999999997,True,9
Yobe | Rice (imported),Yobe,Rice (imported),2.8 KG,2024-11-01,5681.479999999995,True,7
Yobe | Rice (imported),Yobe,Rice (imported),2.8 KG,2024-12-01,5799.999999999996,True,9
Yobe | Rice (imported),Yobe,Rice (imported),2.8 KG,2025-01-01,5999.999999999995,True,9
Yobe | Rice (imported),Yobe,Rice (imported),2.8 KG,2025-02-01,5342.859999999995,True,9
Yobe | Rice (imported),Yobe,Rice (imported),2.8 KG,2025-03-01,4753.225000000002,True,6
Yobe | Rice (imported),Yobe,Rice (imported),2.8 KG,2025-04-01,4800.000000000001,True,5
Yobe | Rice (imported),Yobe,Rice (imported),2.8 KG,2025-05-01,4383.150000000001,True,8
Yobe | Rice (imported),Yobe,Rice (imported),2.8 KG,2025-06-01,4343.480000000002,True,9
Yobe | Rice (imported),Yobe,Rice (imported),2.8 KG,2025-07-01,4398.144999999999,True,8
Yobe | Rice (imported),Yobe,Rice (imported),2.8 KG,2025-08-01,4500.000000000001,True,9
Yobe | Rice (imported),Yobe,Rice (imported),2.8 KG,2025-09-01,4259.999999999999,True,11
Yobe | Rice (imported),Yobe,Rice (imported),2.8 KG,2025-10-01,2496.77,True,11
Yobe | Rice (imported),Yobe,Rice (imported),2.8 KG,2025-11-01,3770.8349999999978,True,12
Yobe | Rice (imported),Yobe,Rice (imported),2.8 KG,2025-12-01,3537.500000000001,True,11
Yobe | Rice (imported),Yobe,Rice (imported),2.8 KG,2026-01-01,3499.9999999999995,True,11
Yobe | Rice (imported),Yobe,Rice (imported),2.8 KG,2026-02-01,3629.630000000001,True,11
Yobe | Rice (imported),Yobe,Rice (imported),2.8 KG,2026-03-01,3630.1750000000006,True,10
Yobe | Rice (imported),Yobe,Rice (imported),2.8 KG,2026-04-01,3684.9999999999995,True,6
Yobe | Rice (imported),Yobe,Rice (imported),2.8 KG,2026-05-01,3895.9700000000034,True,6
Yobe | Rice (imported),Yobe,Rice (imported),2.8 KG,2026-06-01,3958.3350000000005,True,6
Yobe | Rice (imported),Yobe,Rice (imported),2.8 KG,2026-07-01,3889.474999999998,True,6
Yobe | Rice (imported),Yobe,Rice (imported),2.8 KG,2026-08-01,3936.665000000003,True,8
Yobe | Rice (local),Yobe,Rice (local),2.7 KG,2017-02-01,675.0000000000002,True,7
Yobe | Rice (local),Yobe,Rice (local),2.7 KG,2017-03-01,819.9999999999997,True,9
Yobe | Rice (local),Yobe,Rice (local),2.7 KG,2017-04-01,819.9999999999997,True,9
Yobe | Rice (local),Yobe,Rice (local),2.7 KG,2017-05-01,796.0,True,9
Yobe | Rice (local),Yobe,Rice (local),2.7 KG,2017-06-01,819.9999999999997,True,9
Yobe | Rice (local),Yobe,Rice (local),2.7 KG,2017-07-01,1590.9999999999998,True,9
Yobe | Rice (local),Yobe,Rice (local),2.7 KG,2017-08-01,1590.9999999999998,True,9
Yobe | Rice (local),Yobe,Rice (local),2.7 KG,2017-09-01,1542.9999999999998,True,11
Yobe | Rice (local),Yobe,Rice (local),2.7 KG,2017-10-01,1350.0000000000005,True,11
Yobe | Rice (local),Yobe,Rice (local),2.7 KG,2017-11-01,1350.0000000000005,True,11
Yobe | Rice (local),Yobe,Rice (local),2.7 KG,2017-12-01,1350.0000000000005,True,11
Yobe | Rice (local),Yobe,Rice (local),2.7 KG,2018-01-01,1229.5000000000005,True,12
Yobe | Rice (local),Yobe,Rice (local),2.7 KG,2018-02-01,1301.9999999999995,True,11
Yobe | Rice (local),Yobe,Rice (local),2.7 KG,2018-03-01,1350.0000000000005,True,11
Yobe | Rice (local),Yobe,Rice (local),2.7 KG,2018-04-01,1254.0000000000005,True,11
Yobe | Rice (local),Yobe,Rice (local),2.7 KG,2018-05-01,1350.0000000000005,True,11
Yobe | Rice (local),Yobe,Rice (local),2.7 KG,2018-06-01,675.0000000000002,True,11
Yobe | Rice (local),Yobe,Rice (local),2.7 KG,2018-07-01,675.0000000000002,True,11
Yobe | Rice (local),Yobe,Rice (local),2.7 KG,2018-08-01,675.0000000000002,True,11
Yobe | Rice (local),Yobe,Rice (local),2.7 KG,2018-09-01,675.0000000000002,True,11
Yobe | Rice (local),Yobe,Rice (local),2.7 KG,2018-10-01,675.0000000000002,True,11
Yobe | Rice (local),Yobe,Rice (local),2.7 KG,2018-11-01,655.9999999999998,True,11
Yobe | Rice (local),Yobe,Rice (local),2.7 KG,2018-12-01,675.0000000000002,True,11
Yobe | Rice (local),Yobe,Rice (local),2.7 KG,2019-01-01,675.0000000000002,True,12
Yobe | Rice (local),Yobe,Rice (local),2.7 KG,2019-02-01,636.5000000000001,True,12
Yobe | Rice (local),Yobe,Rice (local),2.7 KG,2019-03-01,675.0000000000002,True,12
Yobe | Rice (local),Yobe,Rice (local),2.7 KG,2019-04-01,675.0000000000002,True,12
Yobe | Rice (local),Yobe,Rice (local),2.7 KG,2019-05-01,675.0000000000002,True,12
Yobe | Rice (local),Yobe,Rice (local),2.7 KG,2019-06-01,636.0000000000001,True,12
Yobe | Rice (local),Yobe,Rice (local),2.7 KG,2019-07-01,675.0000000000002,True,11
Yobe | Rice (local),Yobe,Rice (local),2.7 KG,2019-08-01,591.0000000000002,True,12
Yobe | Rice (local),Yobe,Rice (local),2.7 KG,2019-09-01,603.0000000000002,True,11
Yobe | Rice (local),Yobe,Rice (local),2.7 KG,2019-10-01,713.5,True,12
Yobe | Rice (local),Yobe,Rice (local),2.7 KG,2019-11-01,752.0000000000001,True,11
Yobe | Rice (local),Yobe,Rice (local),2.7 KG,2019-12-01,675.0000000000002,True,11
Yobe | Rice (local),Yobe,Rice (local),2.7 KG,2020-01-01,652.5000000000002,True,12
Yobe | Rice (local),Yobe,Rice (local),2.7 KG,2020-02-01,648.5,True,12
Yobe | Rice (local),Yobe,Rice (local),2.7 KG,2020-03-01,707.9999999999999,True,2
Yobe | Rice (local),Yobe,Rice (local),2.7 KG,2020-04-01,753.2999999999997,True,2
Yobe | Rice (local),Yobe,Rice (local),2.7 KG,2020-05-01,868.0000000000003,True,12
Yobe | Rice (local),Yobe,Rice (local),2.7 KG,2020-06-01,951.9999999999997,True,12
Yobe | Rice (local),Yobe,Rice (local),2.7 KG,2020-07-01,978.4999999999998,True,8
Yobe | Rice (local),Yobe,Rice (local),2.7 KG,2020-08-01,1157.0000000000002,True,12
Yobe | Rice (local),Yobe,Rice (local),2.7 KG,2020-09-01,1157.0000000000002,True,12
Yobe | Rice (local),Yobe,Rice (local),2.7 KG,2020-10-01,761.5000000000001,True,12
Yobe | Rice (local),Yobe,Rice (local),2.7 KG,2020-11-01,934.2500000000003,True,12
Yobe | Rice (local),Yobe,Rice (local),2.7 KG,2020-12-01,964.0,True,12
Yobe | Rice (local),Yobe,Rice (local),2.7 KG,2021-01-01,964.0,True,12
Yobe | Rice (local),Yobe,Rice (local),2.7 KG,2021-02-01,964.0,True,12
Yobe | Rice (local),Yobe,Rice (local),2.7 KG,2021-03-01,1085.0000000000002,True,12
Yobe | Rice (local),Yobe,Rice (local),2.7 KG,2021-04-01,939.3000000000003,True,2
Yobe | Rice (local),Yobe,Rice (local),2.7 KG,2021-05-01,1118.9999999999998,True,12
Yobe | Rice (local),Yobe,Rice (local),2.7 KG,2021-06-01,1157.0000000000002,True,12
Yobe | Rice (local),Yobe,Rice (local),2.7 KG,2021-07-01,1157.0000000000002,True,12
Yobe | Rice (local),Yobe,Rice (local),2.7 KG,2021-08-01,1157.0000000000002,True,12
Yobe | Rice (local),Yobe,Rice (local),2.7 KG,2021-09-01,1151.59,True,12
Yobe | Rice (local),Yobe,Rice (local),2.7 KG,2021-10-01,1125.5,True,12
Yobe | Rice (local),Yobe,Rice (local),2.7 KG,2021-11-01,1145.4999999999995,True,12
Yobe | Rice (local),Yobe,Rice (local),2.7 KG,2021-12-01,1060.9999999999998,True,12
Yobe | Rice (local),Yobe,Rice (local),2.7 KG,2022-01-01,1157.0000000000002,True,12
Yobe | Rice (local),Yobe,Rice (local),2.7 KG,2022-02-01,1157.0000000000002,True,12
Yobe | Rice (local),Yobe,Rice (local),2.7 KG,2022-03-01,1205.0,True,12
Yobe | Rice (local),Yobe,Rice (local),2.7 KG,2022-04-01,1205.0,True,12
Yobe | Rice (local),Yobe,Rice (local),2.7 KG,2022-05-01,1254.0000000000005,True,12
Yobe | Rice (local),Yobe,Rice (local),2.7 KG,2022-06-01,1194.0000000000002,True,2
Yobe | Rice (local),Yobe,Rice (local),2.7 KG,2022-07-01,1194.0000000000002,True,2
Yobe | Rice (local),Yobe,Rice (local),2.7 KG,2022-08-01,1226.0000000000005,True,2
Yobe | Rice (local),Yobe,Rice (local),2.7 KG,2022-09-01,1267.5999999999997,True,2
Yobe | Rice (local),Yobe,Rice (local),2.7 KG,2022-10-01,1301.3249999999998,True,2
Yobe | Rice (local),Yobe,Rice (local),2.7 KG,2022-11-01,1335.4,True,2
Yobe | Rice (local),Yobe,Rice (local),2.7 KG,2022-12-01,1313.8050000000003,True,2
Yobe | Rice (local),Yobe,Rice (local),2.7 KG,2023-01-01,1320.0,True,2
Yobe | Rice (local),Yobe,Rice (local),2.7 KG,2023-02-01,1579.5000000000002,True,10
Yobe | Rice (local),Yobe,Rice (local),2.7 KG,2023-03-01,1606.5000000000002,True,10
Yobe | Rice (local),Yobe,Rice (local),2.7 KG,2023-04-01,1727.9999999999995,True,10
Yobe | Rice (local),Yobe,Rice (local),2.7 KG,2023-05-01,1801.0,True,10
Yobe | Rice (local),Yobe,Rice (local),2.7 KG,2023-06-01,1920.0000000000002,True,10
Yobe | Rice (local),Yobe,Rice (local),2.7 KG,2023-07-01,1924.9999999999993,True,5
Yobe | Rice (local),Yobe,Rice (local),2.7 KG,2023-08-01,2155.5600000000004,True,5
Yobe | Rice (local),Yobe,Rice (local),2.7 KG,2023-09-01,2151.8500000000004,True,8
Yobe | Rice (local),Yobe,Rice (local),2.7 KG,2023-10-01,2007.7600000000007,True,10
Yobe | Rice (local),Yobe,Rice (local),2.7 KG,2023-11-01,2164.279113238402,False,0
Yobe | Rice (local),Yobe,Rice (local),2.7 KG,2023-12-01,2333.0,True,3
Yobe | Rice (local),Yobe,Rice (local),2.7 KG,2024-01-01,2518.749999999999,True,10
Yobe | Rice (local),Yobe,Rice (local),2.7 KG,2024-02-01,2999.9999999999977,True,10
Yobe | Rice (local),Yobe,Rice (local),2.7 KG,2024-03-01,3363.0000000000014,True,10
Yobe | Rice (local),Yobe,Rice (local),2.7 KG,2024-04-01,3392.500000000001,True,10
Yobe | Rice (local),Yobe,Rice (local),2.7 KG,2024-05-01,3361.2900000000004,True,10
Yobe | Rice (local),Yobe,Rice (local),2.7 KG,2024-06-01,3398.750000000003,True,10
Yobe | Rice (local),Yobe,Rice (local),2.7 KG,2024-07-01,4048.389999999999,True,5
Yobe | Rice (local),Yobe,Rice (local),2.7 KG,2024-08-01,4125.810000000001,True,5
Yobe | Rice (local),Yobe,Rice (local),2.7 KG,2024-09-01,4106.670000000004,True,11
Yobe | Rice (local),Yobe,Rice (local),2.7 KG,2024-10-01,3730.499999999999,True,10
Yobe | Rice (local),Yobe,Rice (local),2.7 KG,2024-11-01,3554.1849999999977,True,8
Yobe | Rice (local),Yobe,Rice (local),2.7 KG,2024-12-01,3772.1600000000003,True,10
Yobe | Rice (local),Yobe,Rice (local),2.7 KG,2025-01-01,3762.179999999997,True,10
Yobe | Rice (local),Yobe,Rice (local),2.7 KG,2025-02-01,3699.9999999999995,True,9
Yobe | Rice (local),Yobe,Rice (local),2.7 KG,2025-03-01,3469.564999999997,True,6
Yobe | Rice (local),Yobe,Rice (local),2.7 KG,2025-04-01,3399.999999999999,True,5
Yobe | Rice (local),Yobe,Rice (local),2.7 KG,2025-05-01,3372.225,True,10
Yobe | Rice (local),Yobe,Rice (local),2.7 KG,2025-06-01,3200.0000000000027,True,11
Yobe | Rice (local),Yobe,Rice (local),2.7 KG,2025-07-01,2844.440000000001,True,9
Yobe | Rice (local),Yobe,Rice (local),2.7 KG,2025-08-01,2699.999999999999,True,9
Yobe | Rice (local),Yobe,Rice (local),2.7 KG,2025-09-01,2693.3299999999986,True,11
Yobe | Rice (local),Yobe,Rice (local),2.7 KG,2025-10-01,2461.425,True,12
Yobe | Rice (local),Yobe,Rice (local),2.7 KG,2025-11-01,2122.825,True,12
Yobe | Rice (local),Yobe,Rice (local),2.7 KG,2025-12-01,1999.9999999999998,True,12
Yobe | Rice (local),Yobe,Rice (local),2.7 KG,2026-01-01,1958.1850000000009,True,12
Yobe | Rice (local),Yobe,Rice (local),2.7 KG,2026-02-01,2253.1700000000005,True,12
Yobe | Rice (local),Yobe,Rice (local),2.7 KG,2026-03-01,2400.0000000000005,True,11
Yobe | Rice (local),Yobe,Rice (local),2.7 KG,2026-04-01,2279.999999999999,True,6
Yobe | Rice (local),Yobe,Rice (local),2.7 KG,2026-05-01,2443.949999999999,True,6
Yobe | Rice (local),Yobe,Rice (local),2.7 KG,2026-06-01,2672.085000000001,True,6
Yobe | Rice (local),Yobe,Rice (local),2.7 KG,2026-07-01,2612.8549999999996,True,6
Yobe | Rice (local),Yobe,Rice (local),2.7 KG,2026-08-01,2793.334999999999,True,8
Yobe | Yam,Yobe,Yam,2.5 KG,2017-02-01,342.99999999999983,True,8
Yobe | Yam,Yobe,Yam,2.5 KG,2017-03-01,362.9999999999999,True,9
Yobe | Yam,Yobe,Yam,2.5 KG,2017-04-01,484.0000000000002,True,10
Yobe | Yam,Yobe,Yam,2.5 KG,2017-05-01,454.00000000000017,True,10
Yobe | Yam,Yobe,Yam,2.5 KG,2017-06-01,272.0000000000001,True,10
Yobe | Yam,Yobe,Yam,2.5 KG,2017-07-01,454.00000000000017,True,10
Yobe | Yam,Yobe,Yam,2.5 KG,2017-08-01,595.0000000000002,True,10
Yobe | Yam,Yobe,Yam,2.5 KG,2017-09-01,402.99999999999983,True,12
Yobe | Yam,Yobe,Yam,2.5 KG,2017-10-01,382.9999999999999,True,12
Yobe | Yam,Yobe,Yam,2.5 KG,2017-11-01,322.99999999999994,True,12
Yobe | Yam,Yobe,Yam,2.5 KG,2017-12-01,282.00000000000006,True,12
Yobe | Yam,Yobe,Yam,2.5 KG,2018-01-01,312.5000000000001,True,12
Yobe | Yam,Yobe,Yam,2.5 KG,2018-02-01,282.00000000000006,True,12
Yobe | Yam,Yobe,Yam,2.5 KG,2018-03-01,252.00000000000003,True,12
Yobe | Yam,Yobe,Yam,2.5 KG,2018-04-01,242.00000000000009,True,12
Yobe | Yam,Yobe,Yam,2.5 KG,2018-05-01,242.00000000000009,True,12
Yobe | Yam,Yobe,Yam,2.5 KG,2018-06-01,242.00000000000009,True,11
Yobe | Yam,Yobe,Yam,2.5 KG,2018-07-01,362.9999999999999,True,12
Yobe | Yam,Yobe,Yam,2.5 KG,2018-08-01,302.5000000000001,True,12
Yobe | Yam,Yobe,Yam,2.5 KG,2018-09-01,261.99999999999994,True,12
Yobe | Yam,Yobe,Yam,2.5 KG,2018-10-01,252.00000000000003,True,12
Yobe | Yam,Yobe,Yam,2.5 KG,2018-11-01,242.00000000000009,True,12
Yobe | Yam,Yobe,Yam,2.5 KG,2018-12-01,242.00000000000009,True,12
Yobe | Yam,Yobe,Yam,2.5 KG,2019-01-01,282.00000000000006,True,12
Yobe | Yam,Yobe,Yam,2.5 KG,2019-02-01,272.0000000000001,True,12
Yobe | Yam,Yobe,Yam,2.5 KG,2019-03-01,302.0,True,12
Yobe | Yam,Yobe,Yam,2.5 KG,2019-04-01,302.5000000000001,True,12
Yobe | Yam,Yobe,Yam,2.5 KG,2019-05-01,333.49999999999983,True,12
Yobe | Yam,Yobe,Yam,2.5 KG,2019-06-01,312.5000000000001,True,12
Yobe | Yam,Yobe,Yam,2.5 KG,2019-07-01,292.0,True,12
Yobe | Yam,Yobe,Yam,2.5 KG,2019-08-01,292.0,True,12
Yobe | Yam,Yobe,Yam,2.5 KG,2019-09-01,282.00000000000006,True,11
Yobe | Yam,Yobe,Yam,2.5 KG,2019-10-01,242.00000000000009,True,12
Yobe | Yam,Yobe,Yam,2.5 KG,2019-11-01,302.5000000000001,True,12
Yobe | Yam,Yobe,Yam,2.5 KG,2019-12-01,261.99999999999994,True,12
Yobe | Yam,Yobe,Yam,2.5 KG,2020-01-01,261.99999999999994,True,12
Yobe | Yam,Yobe,Yam,2.5 KG,2020-02-01,261.99999999999994,True,12
Yobe | Yam,Yobe,Yam,2.5 KG,2020-03-01,923.2499999999997,True,2
Yobe | Yam,Yobe,Yam,2.5 KG,2020-04-01,1026.0649999999998,True,2
Yobe | Yam,Yobe,Yam,2.5 KG,2020-05-01,412.7349999999999,True,12
Yobe | Yam,Yobe,Yam,2.5 KG,2020-06-01,402.99999999999983,True,12
Yobe | Yam,Yobe,Yam,2.5 KG,2020-07-01,441.9999999999999,True,8
Yobe | Yam,Yobe,Yam,2.5 KG,2020-08-01,402.99999999999983,True,12
Yobe | Yam,Yobe,Yam,2.5 KG,2020-09-01,402.99999999999983,True,12
Yobe | Yam,Yobe,Yam,2.5 KG,2020-10-01,282.50000000000006,True,12
Yobe | Yam,Yobe,Yam,2.5 KG,2020-11-01,399.19000000000017,True,12
Yobe | Yam,Yobe,Yam,2.5 KG,2020-12-01,403.50000000000006,True,12
Yobe | Yam,Yobe,Yam,2.5 KG,2021-01-01,443.49999999999983,True,12
Yobe | Yam,Yobe,Yam,2.5 KG,2021-02-01,402.99999999999983,True,12
Yobe | Yam,Yobe,Yam,2.5 KG,2021-03-01,506.4999999999999,True,12
Yobe | Yam,Yobe,Yam,2.5 KG,2021-04-01,818.2000000000003,True,2
Yobe | Yam,Yobe,Yam,2.5 KG,2021-05-01,645.0,True,12
Yobe | Yam,Yobe,Yam,2.5 KG,2021-06-01,585.0000000000002,True,12
Yobe | Yam,Yobe,Yam,2.5 KG,2021-07-01,591.5,True,12
Yobe | Yam,Yobe,Yam,2.5 KG,2021-08-01,587.0000000000002,True,12
Yobe | Yam,Yobe,Yam,2.5 KG,2021-09-01,578.0000000000001,True,12
Yobe | Yam,Yobe,Yam,2.5 KG,2021-10-01,525.58,True,12
Yobe | Yam,Yobe,Yam,2.5 KG,2021-11-01,484.0000000000002,True,12
Yobe | Yam,Yobe,Yam,2.5 KG,2021-12-01,524.4999999999999,True,12
Yobe | Yam,Yobe,Yam,2.5 KG,2022-01-01,489.00000000000017,True,12
Yobe | Yam,Yobe,Yam,2.5 KG,2022-02-01,500.9999999999999,True,12
Yobe | Yam,Yobe,Yam,2.5 KG,2022-03-01,611.5,True,12
Yobe | Yam,Yobe,Yam,2.5 KG,2022-04-01,625.9999999999999,True,12
Yobe | Yam,Yobe,Yam,2.5 KG,2022-05-01,625.9999999999999,True,12
Yobe | Yam,Yobe,Yam,2.5 KG,2022-06-01,744.835,True,2
Yobe | Yam,Yobe,Yam,2.5 KG,2022-07-01,756.5500000000001,True,2
Yobe | Yam,Yobe,Yam,2.5 KG,2022-08-01,733.3350000000004,True,2
Yobe | Yam,Yobe,Yam,2.5 KG,2022-09-01,663.3350000000002,True,2
Yobe | Yam,Yobe,Yam,2.5 KG,2022-10-01,650.94,True,2
Yobe | Yam,Yobe,Yam,2.5 KG,2022-11-01,652.3350000000003,True,2
Yobe | Yam,Yobe,Yam,2.5 KG,2022-12-01,649.9999999999999,True,2
Yobe | Yam,Yobe,Yam,2.5 KG,2023-01-01,649.9999999999999,True,2
Yobe | Yam,Yobe,Yam,2.5 KG,2023-02-01,691.0000000000002,True,10
Yobe | Yam,Yobe,Yam,2.5 KG,2023-03-01,765.9999999999998,True,10
Yobe | Yam,Yobe,Yam,2.5 KG,2023-04-01,765.9999999999998,True,10
Yobe | Yam,Yobe,Yam,2.5 KG,2023-05-01,786.0,True,10
Yobe | Yam,Yobe,Yam,2.5 KG,2023-06-01,906.9999999999997,True,10
Yobe | Yam,Yobe,Yam,2.5 KG,2023-07-01,1500.0,True,5
Yobe | Yam,Yobe,Yam,2.5 KG,2023-08-01,1500.0,True,3
Yobe | Yam,Yobe,Yam,2.5 KG,2023-09-01,1500.0,True,7
Yobe | Yam,Yobe,Yam,2.5 KG,2023-10-01,1500.0,True,10
Yobe | Yam,Yobe,Yam,2.5 KG,2023-11-01,1500.0,False,0
Yobe | Yam,Yobe,Yam,2.5 KG,2023-12-01,1500.0,True,3
Yobe | Yam,Yobe,Yam,2.5 KG,2024-01-01,1605.9149999999995,True,10
Yobe | Yam,Yobe,Yam,2.5 KG,2024-02-01,1793.1049999999993,True,10
Yobe | Yam,Yobe,Yam,2.5 KG,2024-03-01,2066.3400000000006,True,10
Yobe | Yam,Yobe,Yam,2.5 KG,2024-04-01,2499.9999999999995,True,9
Yobe | Yam,Yobe,Yam,2.5 KG,2024-05-01,2754.84,True,9
Yobe | Yam,Yobe,Yam,2.5 KG,2024-06-01,2999.9999999999977,True,9
Yobe | Yam,Yobe,Yam,2.5 KG,2024-07-01,3361.2900000000004,True,5
Yobe | Yam,Yobe,Yam,2.5 KG,2024-08-01,3122.5799999999995,True,5
Yobe | Yam,Yobe,Yam,2.5 KG,2024-09-01,2999.9999999999977,True,11
Yobe | Yam,Yobe,Yam,2.5 KG,2024-10-01,3577.9250000000034,True,10
Yobe | Yam,Yobe,Yam,2.5 KG,2024-11-01,2999.9999999999977,True,8
Yobe | Yam,Yobe,Yam,2.5 KG,2024-12-01,2941.665000000001,True,10
Yobe | Yam,Yobe,Yam,2.5 KG,2025-01-01,3192.309999999999,True,10
Yobe | Yam,Yobe,Yam,2.5 KG,2025-02-01,3165.219999999998,True,9
Yobe | Yam,Yobe,Yam,2.5 KG,2025-03-01,3566.1299999999987,True,6
Yobe | Yam,Yobe,Yam,2.5 KG,2025-04-01,3488.8899999999976,True,5
Yobe | Yam,Yobe,Yam,2.5 KG,2025-05-01,3374.9999999999986,True,10
Yobe | Yam,Yobe,Yam,2.5 KG,2025-06-01,3499.9999999999995,True,11
Yobe | Yam,Yobe,Yam,2.5 KG,2025-07-01,3999.9999999999995,True,7
Yobe | Yam,Yobe,Yam,2.5 KG,2025-08-01,3075.0000000000023,True,8
Yobe | Yam,Yobe,Yam,2.5 KG,2025-09-01,3013.33,True,11
Yobe | Yam,Yobe,Yam,2.5 KG,2025-10-01,2875.805,True,12
Yobe | Yam,Yobe,Yam,2.5 KG,2025-11-01,2678.805,True,12
Yobe | Yam,Yobe,Yam,2.5 KG,2025-12-01,2562.499999999999,True,12
Yobe | Yam,Yobe,Yam,2.5 KG,2026-01-01,2564.815000000001,True,12
Yobe | Yam,Yobe,Yam,2.5 KG,2026-02-01,2681.7450000000003,True,12
Yobe | Yam,Yobe,Yam,2.5 KG,2026-03-01,2560.3399999999992,True,11
Yobe | Yam,Yobe,Yam,2.5 KG,2026-04-01,3142.4999999999973,True,6
Yobe | Yam,Yobe,Yam,2.5 KG,2026-05-01,3200.0000000000027,True,6
Yobe | Yam,Yobe,Yam,2.5 KG,2026-06-01,3274.170000000001,True,6
Yobe | Yam,Yobe,Yam,2.5 KG,2026-07-01,3366.124999999998,True,6
Yobe | Yam,Yobe,Yam,2.5 KG,2026-08-01,3618.334999999997,True,8
