series,from,month,h,forecast,low_80,high_80
Borno | Millet,2026-09-01,2026-10-01,1,1050.0,911.0278590617991,1226.2432710142946
Borno | Millet,2026-09-01,2026-11-01,2,1050.0,872.6503880924662,1315.1985040251645
Borno | Millet,2026-09-01,2026-12-01,3,1050.0,822.9161064085873,1398.7662390592977
Borno | Millet,2026-09-01,2027-01-01,4,1050.0,785.817111551463,1555.153587443946
Borno | Millet,2026-09-01,2027-02-01,5,1050.0,766.1271122382499,1622.665938649935
Borno | Millet,2026-09-01,2027-03-01,6,1050.0,739.9206415760244,1714.8486656559924
Borno | Oil (palm),2026-09-01,2026-10-01,1,2849.9999999999986,2647.2741970407496,3163.1368106780506
Borno | Oil (palm),2026-09-01,2026-11-01,2,2849.9999999999986,2552.728179181977,3303.994237567338
Borno | Oil (palm),2026-09-01,2026-12-01,3,2849.9999999999986,2517.3483027523653,3475.459604836756
Borno | Oil (palm),2026-09-01,2027-01-01,4,2849.9999999999986,2494.1318327974263,3577.0655284568716
Borno | Oil (palm),2026-09-01,2027-02-01,5,2849.9999999999986,2490.4341253448697,3560.8361101526843
Borno | Oil (palm),2026-09-01,2027-03-01,6,2849.9999999999986,2502.3250887845916,3680.9610063172154
Borno | Rice (imported),2026-09-01,2026-10-01,1,3999.9999999999995,3757.821854858431,4387.341305697507
Borno | Rice (imported),2026-09-01,2026-11-01,2,3999.9999999999995,3607.813941715176,4698.914670186086
Borno | Rice (imported),2026-09-01,2026-12-01,3,3999.9999999999995,3368.777560095355,5090.145507486232
Borno | Rice (imported),2026-09-01,2027-01-01,4,3999.9999999999995,3291.7829899800813,5573.534474664325
Borno | Rice (imported),2026-09-01,2027-02-01,5,3999.9999999999995,3203.8517362492667,5767.53730902646
Borno | Rice (imported),2026-09-01,2027-03-01,6,3999.9999999999995,3197.5204853504297,5874.163331501075
Borno | Rice (local),2026-09-01,2026-10-01,1,3249.9999999999973,3010.348616507631,3605.3282879216854
Borno | Rice (local),2026-09-01,2026-11-01,2,3249.9999999999973,2856.567821477914,3942.9910906933023
Borno | Rice (local),2026-09-01,2026-12-01,3,3249.9999999999973,2757.6995600251407,4131.13201902564
Borno | Rice (local),2026-09-01,2027-01-01,4,3249.9999999999973,2663.140643623361,4337.148387096769
Borno | Rice (local),2026-09-01,2027-02-01,5,3249.9999999999973,2596.344189940165,4691.393007539037
Borno | Rice (local),2026-09-01,2027-03-01,6,3249.9999999999973,2571.943790544094,4896.351369972665
Borno | Yam,2026-09-01,2026-10-01,1,3249.9999999999973,2799.1391787151065,3983.019655749507
Borno | Yam,2026-09-01,2026-11-01,2,3249.9999999999973,2680.609517006132,4564.02296259247
Borno | Yam,2026-09-01,2026-12-01,3,3249.9999999999973,2601.8201096700336,5046.095388902303
Borno | Yam,2026-09-01,2027-01-01,4,3249.9999999999973,2520.1612903225805,5416.666666666661
Borno | Yam,2026-09-01,2027-02-01,5,3249.9999999999973,2351.535129693504,6364.229765013051
Borno | Yam,2026-09-01,2027-03-01,6,3249.9999999999973,2412.622640766318,6502.528445173661
Yobe | Millet,2026-08-01,2026-09-01,1,1046.0699999999995,907.6180119321674,1221.6536176284978
Yobe | Millet,2026-08-01,2026-10-01,2,1046.0699999999995,869.3841823541769,1310.2759039100984
Yobe | Millet,2026-08-01,2026-11-01,3,1046.0699999999995,819.8360489817434,1393.5308568502467
Yobe | Millet,2026-08-01,2026-12-01,4,1046.0699999999995,782.8759103625129,1549.332869730941
Yobe | Millet,2026-08-01,2027-01-01,5,1046.0699999999995,763.2596079038722,1616.5925318509876
Yobe | Millet,2026-08-01,2027-02-01,6,1046.0699999999995,737.1512243175539,1708.4302320788222
Yobe | Oil (palm),2026-08-01,2026-09-01,1,2956.525,2746.22187558102,3281.365985680676
Yobe | Oil (palm),2026-08-01,2026-10-01,2,2956.525,2648.141992967017,3427.488267797817
Yobe | Oil (palm),2026-08-01,2026-11-01,3,2956.525,2611.4397160684,3605.362529189472
Yobe | Oil (palm),2026-08-01,2026-12-01,4,2956.525,2587.355479635584,3710.7661970248973
Yobe | Oil (palm),2026-08-01,2027-01-01,5,2956.525,2583.5195622579804,3693.9301686207614
Yobe | Oil (palm),2026-08-01,2027-02-01,6,2956.525,2595.8549765329362,3818.5449962112316
Yobe | Rice (imported),2026-08-01,2026-09-01,1,3936.665000000003,3698.3214430640696,4317.873240298422
Yobe | Rice (imported),2026-08-01,2026-10-01,2,3936.665000000003,3550.6887177155463,4624.513230027032
Yobe | Rice (imported),2026-08-01,2026-11-01,3,3936.665000000003,3315.437178403198,5009.549416057076
Yobe | Rice (imported),2026-08-01,2026-12-01,4,3936.665000000003,3239.661721062487,5485.284523176123
Yobe | Rice (imported),2026-08-01,2027-01-01,5,3936.665000000003,3153.1227488204327,5676.215565159668
Yobe | Rice (imported),2026-08-01,2027-02-01,6,3936.665000000003,3146.891745365515,5781.153297850925
Yobe | Rice (local),2026-08-01,2026-09-01,1,2793.334999999999,2587.357585443802,3098.7352901974546
Yobe | Rice (local),2026-08-01,2026-10-01,2,2793.334999999999,2455.1848848024656,3388.952313329779
Yobe | Rice (local),2026-08-01,2026-11-01,3,2793.334999999999,2370.208830923948,3550.6571256507673
Yobe | Rice (local),2026-08-01,2026-12-01,4,2793.334999999999,2288.936606078666,3727.725658421834
Yobe | Rice (local),2026-08-01,2027-01-01,5,2793.334999999999,2231.5258762481585,4032.1945497581737
Yobe | Rice (local),2026-08-01,2027-02-01,6,2793.334999999999,2210.554033279843,4208.353739705417
Yobe | Yam,2026-08-01,2026-09-01,1,3618.334999999997,3116.376387758811,4434.4305926419665
Yobe | Yam,2026-08-01,2026-10-01,2,3618.334999999997,2984.4133036050384,5081.2812388775465
Yobe | Yam,2026-08-01,2026-11-01,3,3618.334999999997,2896.6943896993607,5617.988787385789
Yobe | Yam,2026-08-01,2026-12-01,4,3618.334999999997,2805.7808622828784,6030.558333333327
Yobe | Yam,2026-08-01,2027-01-01,5,3618.334999999997,2618.0436503075525,7085.512402088769
Yobe | Yam,2026-08-01,2027-02-01,6,3618.334999999997,2686.054443962214,7239.485003589981
