method,h,difference,ci_low,ci_high,result
Same month last year,1,23.0,17.6,28.9,+23.0  (+17.6 to +28.9)
Same month last year,3,15.7,10.0,21.6,+15.7  (+10.0 to +21.6)
Same month last year,6,8.6,3.3,13.4,+8.6  (+3.3 to +13.4)
Average of last 3,1,2.8,2.1,3.9,+2.8  (+2.1 to +3.9)
Average of last 3,3,1.9,1.2,2.8,+1.9  (+1.2 to +2.8)
Average of last 3,6,1.3,0.4,2.2,+1.3  (+0.4 to +2.2)
Last value + trend,1,0.5,0.0,1.0,+0.5  (+0.0 to +1.0)
Last value + trend,3,2.0,-0.2,4.5,+2.0  (-0.2 to +4.5)
Last value + trend,6,6.6,0.3,14.0,+6.6  (+0.3 to +14.0)
"ETS, damped trend",1,0.9,0.6,1.3,+0.9  (+0.6 to +1.3)
"ETS, damped trend",3,1.1,0.4,1.8,+1.1  (+0.4 to +1.8)
"ETS, damped trend",6,1.9,0.3,3.7,+1.9  (+0.3 to +3.7)
"ETS, damped trend + season",1,2.2,1.5,2.9,+2.2  (+1.5 to +2.9)
"ETS, damped trend + season",3,1.2,-0.3,2.8,+1.2  (-0.3 to +2.8)
"ETS, damped trend + season",6,1.5,-0.7,4.5,+1.5  (-0.7 to +4.5)
LightGBM (all series together),1,2.0,1.4,2.7,+2.0  (+1.4 to +2.7)
LightGBM (all series together),3,2.1,0.6,3.3,+2.1  (+0.6 to +3.3)
LightGBM (all series together),6,2.5,-0.4,4.9,+2.5  (-0.4 to +4.9)
